,artist_name,id,track_name,artist_uri,album_uri,duration_ms_x,album_name,genres,track_pop,artist_pop,subjectivity_high,subjectivity_low,polarity_Negative,polarity_Neutral,polarity_Positive,key0,key1,key2,key4,key5,key6,key7,key8,key9,key11,mode0,mode1,acid_rock,album_rock,art_rock,australian_rock,beatlesque,birmingham_metal,blues,blues_rock,brill_building_pop,british_blues,british_invasion,canadian_metal,canadian_pop,canadian_singer,classic_canadian_rock,classic_rock,classic_uk_pop,cosmic_american,country_rock,dance_rock,detroit_rock,double_drumming,electric_blues,folk,folk_rock,german_hard_rock,german_metal,german_rock,glam_metal,glam_rock,hard_rock,heartland_rock,irish_rock,jam_band,mellow_gold,metal,new_romantic,new_wave,new_wave_pop,nwobhm,permanent_wave,pop_rock,power_metal,progressive_rock,proto,protopunk,psychedelic_rock,rock,roots_rock,singer,soft_rock,songwriter,southern_rock,stoner_rock,swamp_rock,symphonic_rock,synthpop,uk_doom_metal,yacht_rock,artist_pop,track_pop,danceability,energy,loudness,speechiness,acousticness,instrumentalness,liveness,valence,tempo
0,Creedence Clearwater Revival,2LawezPeJhN4AWuSB0GtAU,Have You Ever Seen The Rain,spotify:artist:3IYUhFvPQItj6xySrBmZkd,spotify:album:372cMadhAGlNuDnc8TssqF,160133,Pendulum (40th Anniversary Edition),"['album_rock', 'classic_rock', 'country_rock', 'rock', 'southern_rock', 'swamp_rock']",81,80,0,1,0,1,0,1,0,0,0,0,0,0,0,0,0,0,1,0.0,0.20218120961780686,0.0,0.0,0.0,0.0,0.0,0.0,0.0,0.0,0.0,0.0,0.0,0.0,0.0,0.19706317648094213,0.0,0.0,0.3932182773326118,0.0,0.0,0.0,0.0,0.0,0.0,0.0,0.0,0.0,0.0,0.0,0.0,0.0,0.0,0.0,0.0,0.0,0.0,0.0,0.0,0.0,0.0,0.0,0.0,0.0,0.0,0.0,0.0,0.15736514562473103,0.0,0.0,0.0,0.0,0.5531093333938553,0.0,0.6595259855224862,0.0,0.0,0.0,0.0,0.714285714285714,0.9529411764705882,0.9166666666666666,0.5766423357664232,0.7516175168562285,0.008149316508937965,0.11500866272366571,3.944636678200692e-05,0.1306128019653337,0.7633410672853829,0.37868810314823587
1,Queen,4rDbp1vnvEhieiccprPMdI,Somebody To Love - Remastered 2011,spotify:artist:1dfeR4HaWDbWqFHLkxsg1d,spotify:album:4KZGe18wZJbXL6JLW4KyLc,296480,A Day At The Races (Deluxe Edition 2011 Remaster),"['classic_rock', 'glam_rock', 'rock']",75,88,1,0,0,0,1,0,0,0,0,0,0,0,1,0,0,0,1,0.0,0.0,0.0,0.0,0.0,0.0,0.0,0.0,0.0,0.0,0.0,0.0,0.0,0.0,0.0,0.34694431778009316,0.0,0.0,0.0,0.0,0.0,0.0,0.0,0.0,0.0,0.0,0.0,0.0,0.0,0.8960308469932451,0.0,0.0,0.0,0.0,0.0,0.0,0.0,0.0,0.0,0.0,0.0,0.0,0.0,0.0,0.0,0.0,0.0,0.27705299420268586,0.0,0.0,0.0,0.0,0.0,0.0,0.0,0.0,0.0,0.0,0.0,1.0,0.8823529411764706,0.2821969696969697,0.5781021897810219,0.7518899407478037,0.09936908517350158,0.3223039309145188,0.0,0.26709430872116835,0.2517401392111369,0.3110267362759058
2,TOTO,2374M0fQpWi3dLnB54qaLX,Africa,spotify:artist:0PFtn5NtBbbUNbU9EAmIWF,spotify:album:62U7xIHcID94o20Of5ea4D,295893,Toto IV,"['album_rock', 'classic_rock', 'mellow_gold', 'rock', 'soft_rock', 'yacht_rock']",84,76,0,1,0,1,0,0,0,0,0,0,0,0,0,1,0,0,1,0.0,0.2545494119562247,0.0,0.0,0.0,0.0,0.0,0.0,0.0,0.0,0.0,0.0,0.0,0.0,0.0,0.248105725483955,0.0,0.0,0.0,0.0,0.0,0.0,0.0,0.0,0.0,0.0,0.0,0.0,0.0,0.0,0.0,0.0,0.0,0.0,0.36685824306062226,0.0,0.0,0.0,0.0,0.0,0.0,0.0,0.0,0.0,0.0,0.0,0.0,0.1981252627625637,0.0,0.0,0.40564642233575204,0.0,0.0,0.0,0.0,0.0,0.0,0.0,0.7316150187460367,0.5714285714285712,0.9882352941176471,0.7840909090909091,0.10364963503649638,0.0,0.020241850683491075,0.44536383092748344,0.00013858131487889274,0.01474000272963013,0.7146171693735498,0.14740547381743396
3,Boston,1QEEqeFIZktqIpPI4jSVSF,More Than a Feeling,spotify:artist:29kkCKKGXheHuoO829FxWK,spotify:album:2QLp07RO6anZHmtcKTEvSC,285133,Boston,"['album_rock', 'blues_rock', 'classic_rock', 'country_rock', 'hard_rock', 'mellow_gold', 'rock', 'soft_rock']",80,70,1,0,0,0,1,0,0,0,0,0,0,1,0,0,0,0,1,0.0,0.24779690840127674,0.0,0.0,0.0,0.0,0.0,0.5054867004254684,0.0,0.0,0.0,0.0,0.0,0.0,0.0,0.24152415540505234,0.0,0.0,0.48193535706947954,0.0,0.0,0.0,0.0,0.0,0.0,0.0,0.0,0.0,0.0,0.0,0.267976781238769,0.0,0.0,0.0,0.35712649168319294,0.0,0.0,0.0,0.0,0.0,0.0,0.0,0.0,0.0,0.0,0.0,0.0,0.19286953841872084,0.0,0.0,0.39488572606140687,0.0,0.0,0.0,0.0,0.0,0.0,0.0,0.0,0.3571428571428572,0.9411764705882353,0.2272727272727273,0.5532846715328468,0.6827623782605736,0.013669821240799157,0.0014469071060679278,0.00397923875432526,0.01787907738501434,0.19605568445475638,0.30631031482360394
4,Bon Jovi,37ZJ0p5Jm13JPevGcx4SkF,Livin' On A Prayer,spotify:artist:58lV9VcRSjABbAbfWS6skp,spotify:album:0kBfgEilUFCMIQY5IOjG4t,249293,Slippery When Wet,"['glam_metal', 'hard_rock', 'rock']",85,81,0,1,0,1,0,1,0,0,0,0,0,0,0,0,0,0,1,0.0,0.0,0.0,0.0,0.0,0.0,0.0,0.0,0.0,0.0,0.0,0.0,0.0,0.0,0.0,0.0,0.0,0.0,0.0,0.0,0.0,0.0,0.0,0.0,0.0,0.0,0.0,0.0,0.849852142143721,0.0,0.4277516058875969,0.0,0.0,0.0,0.0,0.0,0.0,0.0,0.0,0.0,0.0,0.0,0.0,0.0,0.0,0.0,0.0,0.3078634440044981,0.0,0.0,0.0,0.0,0.0,0.0,0.0,0.0,0.0,0.0,0.0,0.75,1.0,0.5208333333333334,0.8540145985401459,0.9743921541919227,0.023396424815983183,0.1347675762468741,0.000370242214532872,0.3503480278422274,0.7877030162412993,0.44198900490428716
5,Kansas,4DMKwE2E2iYDKY01C335Uw,Carry on Wayward Son,spotify:artist:2hl0xAkS2AIRAu23TVMBG1,spotify:album:7MejfRSNnrpcLZIxkeZDqR,323000,Leftoverture (Expanded Edition),"['album_rock', 'art_rock', 'classic_rock', 'hard_rock', 'heartland_rock', 'mellow_gold', 'progressive_rock', 'rock', 'soft_rock', 'symphonic_rock']",77,69,0,1,0,1,0,0,0,0,0,0,0,1,0,0,0,0,1,0.0,0.178657107985233,0.3838603960171254,0.0,0.0,0.0,0.0,0.0,0.0,0.0,0.0,0.0,0.0,0.0,0.0,0.1741345660510279,0.0,0.0,0.0,0.0,0.0,0.0,0.0,0.0,0.0,0.0,0.0,0.0,0.0,0.0,0.1932064328493585,0.40652357032033315,0.0,0.0,0.2574817684396214,0.0,0.0,0.0,0.0,0.0,0.0,0.0,0.0,0.44972618000448583,0.0,0.0,0.0,0.1390554635029414,0.0,0.0,0.284705496359681,0.0,0.0,0.0,0.0,0.4678415420568503,0.0,0.0,0.0,0.3214285714285712,0.9058823529411765,0.42613636363636354,0.7065693430656934,0.8396785398079413,0.019453207150368038,0.00548535171212719,0.00015363321799307959,0.557799918111096,0.7853828306264501,0.4839523018509728
6,AC/DC,2zYzyRzz6pRmhPzyfMEC8s,Highway to Hell,spotify:artist:711MCceyCBcFnzjGY4Q7Un,spotify:album:10v912xgTZbjAtYfyKWJCS,208400,Highway to Hell,"['australian_rock', 'hard_rock', 'rock']",85,85,0,1,0,1,0,0,0,0,0,0,1,0,0,0,0,1,0,0.0,0.0,0.0,0.9257523986475791,0.0,0.0,0.0,0.0,0.0,0.0,0.0,0.0,0.0,0.0,0.0,0.0,0.0,0.0,0.0,0.0,0.0,0.0,0.0,0.0,0.0,0.0,0.0,0.0,0.0,0.0,0.30690573761120177,0.0,0.0,0.0,0.0,0.0,0.0,0.0,0.0,0.0,0.0,0.0,0.0,0.0,0.0,0.0,0.0,0.22088767421379096,0.0,0.0,0.0,0.0,0.0,0.0,0.0,0.0,0.0,0.0,0.0,0.8928571428571428,1.0,0.6003787878787877,0.891970802919708,0.9038343662739223,0.284963196635121,0.10564917737056699,0.002733564013840831,0.16200354851917564,0.3561484918793504,0.37492089859199473
7,Aerosmith,07KHJvlYBeQVqrmifTEqEp,Dream On,spotify:artist:7Ey4PD4MYsKc5I2dolUwbH,spotify:album:0YlgzYfI3a1OrGBBN0wWTG,265093,The Essential Aerosmith,"['album_rock', 'classic_rock', 'hard_rock', 'rock']",0,79,0,1,0,1,0,0,1,0,0,0,0,0,0,0,0,0,1,0.0,0.5181049753794638,0.0,0.0,0.0,0.0,0.0,0.0,0.0,0.0,0.0,0.0,0.0,0.0,0.0,0.5049896199150307,0.0,0.0,0.0,0.0,0.0,0.0,0.0,0.0,0.0,0.0,0.0,0.0,0.0,0.0,0.5602979655466315,0.0,0.0,0.0,0.0,0.0,0.0,0.0,0.0,0.0,0.0,0.0,0.0,0.0,0.0,0.0,0.0,0.4032603477524461,0.0,0.0,0.0,0.0,0.0,0.0,0.0,0.0,0.0,0.0,0.0,0.6785714285714284,0.0,0.29356060606060597,0.32992700729927016,0.7798814956071649,0.003417455310199796,0.5164265900898996,8.702422145328721e-05,0.4022110004094446,0.06844547563805103,0.021278278753361857
8,The Byrds,5PHGTeEdFxTEb4hepxug86,Turn! Turn! Turn! (To Everything There Is a Season),spotify:artist:1PCZpxHJz7WAMF8EEq8bfc,spotify:album:4lkNuTe5xkDTGS4a55R8mC,229533,The Essential Byrds,"['art_rock', 'beatlesque', 'blues_rock', 'brill_building_pop', 'classic_rock', 'classic_uk_pop', 'cosmic_american', 'country_rock', 'folk', 'folk_rock', 'mellow_gold', 'psychedelic_rock', 'rock', 'roots_rock', 'soft_rock']",41,62,0,1,0,1,0,0,0,1,0,0,0,0,0,0,0,0,1,0.0,0.0,0.21296334622767632,0.0,0.35384522770444654,0.0,0.0,0.20219280843164558,0.35384522770444654,0.0,0.0,0.0,0.0,0.0,0.0,0.09660876783568148,0.35384522770444654,0.35384522770444654,0.1927723582962073,0.0,0.0,0.0,0.0,0.35384522770444654,0.24064028748192834,0.0,0.0,0.0,0.0,0.0,0.0,0.0,0.0,0.0,0.14284927428948704,0.0,0.0,0.0,0.0,0.0,0.0,0.0,0.0,0.0,0.0,0.0,0.22553673354720816,0.07714710120161951,0.28488026768936664,0.0,0.15795282822420728,0.0,0.0,0.0,0.0,0.0,0.0,0.0,0.0,0.07142857142857117,0.4823529411764706,0.36363636363636365,0.743065693430657,0.6738404958114828,0.05573080967402734,0.2027105069582574,3.944636678200692e-05,0.0027296301351166993,0.7192575406032482,0.4625850340136053
9,Alice Cooper,5XcZRgJv3zMhTqCyESjQrF,Poison,spotify:artist:3EhbVgyfGd7HkpsagwL9GS,spotify:album:033cvSPAuSU5ArRfIgQSDU,270080,Trash,"['album_rock', 'blues_rock', 'classic_rock', 'detroit_rock', 'glam_metal', 'glam_rock', 'hard_rock', 'metal', 'protopunk', 'rock']",75,67,0,1,0,1,0,0,0,1,0,0,0,0,0,0,0,1,0,0.0,0.14742962644827495,0.0,0.0,0.0,0.0,0.0,0.3007451380209144,0.0,0.0,0.0,0.0,0.0,0.0,0.0,0.14369757976132405,0.0,0.0,0.0,0.0,0.4809233749383345,0.0,0.0,0.0,0.0,0.0,0.0,0.0,0.3167654252959774,0.37111852682374835,0.1594358743607281,0.0,0.0,0.0,0.0,0.2867329948681607,0.0,0.0,0.0,0.0,0.0,0.0,0.0,0.0,0.0,0.526315612654402,0.0,0.11474995465349688,0.0,0.0,0.0,0.0,0.0,0.0,0.0,0.0,0.0,0.0,0.0,0.25,0.8823529411764706,0.04356060606060608,0.8846715328467154,0.8550704896819452,0.22187171398527866,0.0565985411682163,1.531141868512111e-05,0.19475911014057595,0.16705336426914155,0.4042872963138744
10,U2,2x45xqISlmmDJqxOqr8BuS,With Or Without You - Remastered,spotify:artist:51Blml2LZPmy7TTiAg47vQ,spotify:album:5vBZRYu2GLA65nfxBvG1a7,295520,The Joshua Tree,"['irish_rock', 'permanent_wave', 'rock']",55,82,0,1,0,1,0,0,0,1,0,0,0,0,0,0,0,0,1,0.0,0.0,0.0,0.0,0.0,0.0,0.0,0.0,0.0,0.0,0.0,0.0,0.0,0.0,0.0,0.0,0.0,0.0,0.0,0.0,0.0,0.0,0.0,0.0,0.0,0.0,0.0,0.0,0.0,0.0,0.0,0.0,0.7441884814402197,0.0,0.0,0.0,0.0,0.0,0.0,0.0,0.6402854026261118,0.0,0.0,0.0,0.0,0.0,0.0,0.19031055481926876,0.0,0.0,0.0,0.0,0.0,0.0,0.0,0.0,0.0,0.0,0.0,0.7857142857142856,0.6470588235294118,0.5321969696969698,0.1897810218978102,0.42103112442961266,0.012881177707676134,0.0002423066763635557,0.5346020761245674,0.1388016923706838,0.0,0.32007395981648457
11,Tom Petty,7woZGXjtaYwuvSoU1zToB3,Free Fallin',spotify:artist:2UZMlIwnkgAEDBsw1Rejkn,spotify:album:7ihweYjA1ck66NTB4bujGl,256666,Full Moon Fever,"['album_rock', 'classic_rock', 'country_rock', 'folk_rock', 'heartland_rock', 'mellow_gold', 'pop_rock', 'rock', 'singer-songwriter', 'soft_rock']",2,72,1,0,0,0,1,0,0,0,0,1,0,0,0,0,0,0,1,0.0,0.14585043599156863,0.0,0.0,0.0,0.0,0.0,0.0,0.0,0.0,0.0,0.0,0.0,0.0,0.0,0.14215836507240603,0.0,0.0,0.28366165825809686,0.0,0.0,0.0,0.0,0.0,0.354098604147086,0.0,0.0,0.0,0.0,0.0,0.0,0.33187394915723406,0.0,0.0,0.21020058261495495,0.0,0.0,0.0,0.0,0.0,0.0,0.47577197068936505,0.0,0.0,0.0,0.0,0.0,0.11352081206077748,0.0,0.3990046235206353,0.23242523760480693,0.38193214730420577,0.0,0.0,0.0,0.0,0.0,0.0,0.0,0.4285714285714284,0.023529411764705882,0.6818181818181818,0.19416058394160585,0.30763467956139756,0.0026288117770767727,0.30843802668770587,0.0,0.061280196533369725,0.5626450116009281,0.06498180667615883
12,Journey,3DtK601PJiNPe8COo67unB,Don't Stop Believin',spotify:artist:0rvjqX7ttXeg3mTy8Xscbt,spotify:album:0xHBgcc8mjG1FILI9NPrg9,249653,Flash Back Internacional,"['album_rock', 'classic_rock', 'hard_rock', 'mellow_gold', 'rock', 'soft_rock']",51,76,0,1,0,1,0,0,0,0,1,0,0,0,0,0,0,0,1,0.0,0.3462318200873602,0.0,0.0,0.0,0.0,0.0,0.0,0.0,0.0,0.0,0.0,0.0,0.0,0.0,0.33746727697480366,0.0,0.0,0.0,0.0,0.0,0.0,0.0,0.0,0.0,0.0,0.0,0.0,0.0,0.0,0.37442795113166677,0.0,0.0,0.0,0.4989915169427849,0.0,0.0,0.0,0.0,0.0,0.0,0.0,0.0,0.0,0.0,0.0,0.0,0.26948508662579707,0.0,0.0,0.5517502399156453,0.0,0.0,0.0,0.0,0.0,0.0,0.0,0.0,0.5714285714285712,0.6,0.4412878787878788,0.6145985401459855,0.5697064632568277,0.042586750788643546,0.4193652605022092,0.0,0.45543878804422,0.42807424593967514,0.40749090333807936
13,U2,7gozgbG5EBTukCFWToTRA5,I Still Haven't Found What I'm Looking For - Remastered 2007,spotify:artist:51Blml2LZPmy7TTiAg47vQ,spotify:album:2qKmY7yt0kXdzSQxYAu9eZ,277480,The Joshua Tree (Deluxe Edition Remastered),"['irish_rock', 'permanent_wave', 'rock']",0,82,0,1,0,1,0,0,1,0,0,0,0,0,0,0,0,0,1,0.0,0.0,0.0,0.0,0.0,0.0,0.0,0.0,0.0,0.0,0.0,0.0,0.0,0.0,0.0,0.0,0.0,0.0,0.0,0.0,0.0,0.0,0.0,0.0,0.0,0.0,0.0,0.0,0.0,0.0,0.0,0.0,0.7441884814402197,0.0,0.0,0.0,0.0,0.0,0.0,0.0,0.6402854026261118,0.0,0.0,0.0,0.0,0.0,0.0,0.19031055481926876,0.0,0.0,0.0,0.0,0.0,0.0,0.0,0.0,0.0,0.0,0.0,0.7857142857142856,0.0,0.5833333333333331,0.6744525547445255,0.588026969965266,0.02760252365930599,0.024013666235205948,0.008442906574394464,0.05691278831718303,0.6612529002320187,0.22821744977060598
14,Poison,43GS3mtezoIFiuIZCLLiDY,Every Rose Has Its Thorn - Remastered 2003,spotify:artist:1fBCIkoPOPCDLUxGuWNvyo,spotify:album:2AMWVB3FWknjcMeb6hMZnd,260173,Open Up And Say...Ahh! (20th Anniversary Edition),"['album_rock', 'glam_metal', 'hard_rock', 'rock']",73,67,1,0,0,0,1,0,0,0,0,0,1,0,0,0,0,0,1,0.0,0.3678125862914704,0.0,0.0,0.0,0.0,0.0,0.0,0.0,0.0,0.0,0.0,0.0,0.0,0.0,0.0,0.0,0.0,0.0,0.0,0.0,0.0,0.0,0.0,0.0,0.0,0.0,0.0,0.7902774573379805,0.0,0.39776619332909874,0.0,0.0,0.0,0.0,0.0,0.0,0.0,0.0,0.0,0.0,0.0,0.0,0.0,0.0,0.0,0.0,0.2862821985968987,0.0,0.0,0.0,0.0,0.0,0.0,0.0,0.0,0.0,0.0,0.0,0.25,0.8588235294117647,0.5227272727272728,0.489051094890511,0.8508479193625282,0.020241850683491075,0.27723974217737685,1.9377162629757786e-05,0.4527091579091034,0.2041763341067285,0.6165658123714601
15,Fleetwood Mac,4xh7W7tlNMIczFhupCPniY,Go Your Own Way - 2004 Remaster,spotify:artist:08GQAI4eElDnROBrJRGE0X,spotify:album:0BwWUstDMUbgq2NYONRqlu,223613,Rumours (Super Deluxe),"['album_rock', 'classic_rock', 'mellow_gold', 'rock', 'soft_rock', 'yacht_rock']",72,83,1,0,0,0,1,0,0,0,0,1,0,0,0,0,0,0,1,0.0,0.2545494119562247,0.0,0.0,0.0,0.0,0.0,0.0,0.0,0.0,0.0,0.0,0.0,0.0,0.0,0.248105725483955,0.0,0.0,0.0,0.0,0.0,0.0,0.0,0.0,0.0,0.0,0.0,0.0,0.0,0.0,0.0,0.0,0.0,0.0,0.36685824306062226,0.0,0.0,0.0,0.0,0.0,0.0,0.0,0.0,0.0,0.0,0.0,0.0,0.1981252627625637,0.0,0.0,0.40564642233575204,0.0,0.0,0.0,0.0,0.0,0.0,0.0,0.7316150187460367,0.8214285714285712,0.8470588235294118,0.6231060606060604,0.932846715328467,0.8802696996526597,0.03391167192429022,0.02886673271459047,0.001342560553633218,0.04189982257404123,0.8294663573085846,0.5699058693244741
16,Heart,4KfSdst7rW39C0sfhArdrz,Barracuda,spotify:artist:34jw2BbxjoYalTp8cJFCPv,spotify:album:1LaeNhiUpL3X6N0LcFvuDF,261933,Little Queen,"['album_rock', 'classic_rock', 'hard_rock', 'heartland_rock', 'mellow_gold', 'new_wave_pop', 'rock', 'soft_rock']",75,70,0,1,0,1,0,0,0,0,1,0,0,0,0,0,0,1,0,0.0,0.20344482545706774,0.0,0.0,0.0,0.0,0.0,0.0,0.0,0.0,0.0,0.0,0.0,0.0,0.0,0.19829480503637067,0.0,0.0,0.0,0.0,0.0,0.0,0.0,0.0,0.0,0.0,0.0,0.0,0.0,0.0,0.22001279127091516,0.46292653978726783,0.0,0.0,0.29320598564097256,0.0,0.0,0.0,0.6636479683876878,0.0,0.0,0.0,0.0,0.0,0.0,0.0,0.0,0.1583486647704266,0.0,0.0,0.32420686009509736,0.0,0.0,0.0,0.0,0.0,0.0,0.0,0.0,0.3571428571428572,0.8823529411764706,0.5511363636363636,0.5678832116788319,0.3072260437240346,0.03233438485804417,0.025920228066392725,0.18339100346020762,0.1456257677084755,0.6392111368909513,0.5866852554975479
17,Eagles,4yugZvBYaoREkJKtbG08Qr,Take It Easy - 2013 Remaster,spotify:artist:0ECwFtbIWEVNwjlrfc6xoL,spotify:album:51B7LbLWgYLKBVSpkan8Z7,211577,Eagles (2013 Remaster),"['album_rock', 'classic_rock', 'country_rock', 'folk_rock', 'heartland_rock', 'mellow_gold', 'rock', 'soft_rock', 'yacht_rock']",78,79,1,0,0,0,1,0,0,0,0,0,0,1,0,0,0,0,1,0.0,0.18170501454680751,0.0,0.0,0.0,0.0,0.0,0.0,0.0,0.0,0.0,0.0,0.0,0.0,0.0,0.17710531763460177,0.0,0.0,0.35339452631556506,0.0,0.0,0.0,0.0,0.0,0.4411470667202529,0.0,0.0,0.0,0.0,0.0,0.0,0.41345889951818654,0.0,0.0,0.26187443089992385,0.0,0.0,0.0,0.0,0.0,0.0,0.0,0.0,0.0,0.0,0.0,0.0,0.1414277623966884,0.0,0.0,0.28956259810199025,0.0,0.0,0.0,0.0,0.0,0.0,0.0,0.5222487712789258,0.6785714285714284,0.9176470588235294,0.6022727272727272,0.5372262773722628,0.5226452359871961,0.01892744479495269,0.5944223013657223,8.56401384083045e-06,0.12515354169510032,0.7238979118329466,0.6069154405948425
18,Queen,6cFZ4PLC19taNlpl9pbGMf,Somebody To Love - Remastered 2011,spotify:artist:1dfeR4HaWDbWqFHLkxsg1d,spotify:album:0lmQ6rAGcChLjGXM52Qu3i,296493,A Day At The Races (Deluxe Remastered Version),"['classic_rock', 'glam_rock', 'rock']",70,88,1,0,0,0,1,0,0,0,0,0,0,0,1,0,0,0,1,0.0,0.0,0.0,0.0,0.0,0.0,0.0,0.0,0.0,0.0,0.0,0.0,0.0,0.0,0.0,0.34694431778009316,0.0,0.0,0.0,0.0,0.0,0.0,0.0,0.0,0.0,0.0,0.0,0.0,0.0,0.8960308469932451,0.0,0.0,0.0,0.0,0.0,0.0,0.0,0.0,0.0,0.0,0.0,0.0,0.0,0.0,0.0,0.0,0.0,0.27705299420268586,0.0,0.0,0.0,0.0,0.0,0.0,0.0,0.0,0.0,0.0,0.0,1.0,0.8235294117647058,0.4545454545454545,0.5708029197080291,0.7518899407478037,0.0838590956887487,0.32923688302792525,0.0,0.24252763750511805,0.2807424593967517,0.333501423825344
19,Bruce Springsteen,6hTcuIQa0sxrrByu9wTD7s,Born to Run,spotify:artist:3eqjTLE0HfPfh78zjh6TqT,spotify:album:43YIoHKSrEw2GJsWmhZIpu,269920,Born To Run,"['classic_rock', 'heartland_rock', 'mellow_gold', 'permanent_wave', 'rock', 'singer-songwriter']",73,79,0,1,0,1,0,0,0,0,1,0,0,0,0,0,0,0,1,0.0,0.0,0.0,0.0,0.0,0.0,0.0,0.0,0.0,0.0,0.0,0.0,0.0,0.0,0.0,0.17792473270168,0.0,0.0,0.0,0.0,0.0,0.0,0.0,0.0,0.0,0.0,0.0,0.0,0.0,0.0,0.0,0.4153718542301494,0.0,0.0,0.2630860481298743,0.0,0.0,0.0,0.0,0.0,0.47802445663093845,0.0,0.0,0.0,0.0,0.0,0.0,0.14208210773740876,0.0,0.4993922865565067,0.0,0.47802445663093845,0.0,0.0,0.0,0.0,0.0,0.0,0.0,0.6785714285714284,0.8588235294117647,0.024621212121212155,0.9372262773722626,0.9442893141728531,0.19164037854889593,0.008605180163160095,3.546712802768166e-05,0.10741094581684182,0.568445475638051,0.677671650055371
20,Bryan Adams,0GONea6G2XdnHWjNZd6zt3,Summer Of '69,spotify:artist:3Z02hBLubJxuFJfhacLSDc,spotify:album:2o2G49EPi4lua5zgxUKhLL,216053,Reckless (30th Anniversary / Deluxe Edition),"['canadian_pop', 'canadian_singer-songwriter', 'classic_canadian_rock', 'heartland_rock', 'mellow_gold', 'rock', 'soft_rock']",83,79,0,1,0,1,0,0,0,1,0,0,0,0,0,0,0,0,1,0.0,0.0,0.0,0.0,0.0,0.0,0.0,0.0,0.0,0.0,0.0,0.0,0.5104941428317438,0.46646643222059286,0.41099807677845196,0.0,0.0,0.0,0.0,0.0,0.0,0.0,0.0,0.0,0.0,0.0,0.0,0.0,0.0,0.0,0.0,0.3253828862301951,0.0,0.0,0.20608930719692722,0.0,0.0,0.0,0.0,0.0,0.0,0.0,0.0,0.0,0.0,0.0,0.0,0.1113004788996894,0.0,0.0,0.22787927415405715,0.3744620050760909,0.0,0.0,0.0,0.0,0.0,0.0,0.0,0.6785714285714284,0.9764705882352941,0.47537878787878785,0.7766423357664234,0.8076687325478447,0.036803364879074665,0.03163991355995305,0.0,0.04899686092534462,0.7633410672853829,0.6063221800348046
21,U2,6C4LXC9UFH1IKiHYOp0BiJ,Sunday Bloody Sunday - Remastered 2008,spotify:artist:51Blml2LZPmy7TTiAg47vQ,spotify:album:6GaqU0TlYBKHUiSJ0AT9A2,279440,War (Remastered),"['irish_rock', 'permanent_wave', 'rock']",73,82,1,0,1,0,0,0,0,0,0,0,1,0,0,0,0,0,1,0.0,0.0,0.0,0.0,0.0,0.0,0.0,0.0,0.0,0.0,0.0,0.0,0.0,0.0,0.0,0.0,0.0,0.0,0.0,0.0,0.0,0.0,0.0,0.0,0.0,0.0,0.0,0.0,0.0,0.0,0.0,0.0,0.7441884814402197,0.0,0.0,0.0,0.0,0.0,0.0,0.0,0.6402854026261118,0.0,0.0,0.0,0.0,0.0,0.0,0.19031055481926876,0.0,0.0,0.0,0.0,0.0,0.0,0.0,0.0,0.0,0.0,0.0,0.7857142857142856,0.8588235294117647,0.5416666666666666,0.9372262773722626,0.7198120275148132,0.07807570977917981,0.6966833450384675,0.0009757785467128029,0.0,0.7180974477958236,0.2310156620787851
22,Queen,11IzgLRXV7Cgek3tEgGgjw,Under Pressure - Remastered 2011,spotify:artist:1dfeR4HaWDbWqFHLkxsg1d,spotify:album:0xc5IpJM39eEEYSKDrm5kf,248440,Hot Space (Deluxe Remastered Version),"['classic_rock', 'glam_rock', 'rock']",72,88,0,1,0,1,0,0,0,1,0,0,0,0,0,0,0,0,1,0.0,0.0,0.0,0.0,0.0,0.0,0.0,0.0,0.0,0.0,0.0,0.0,0.0,0.0,0.0,0.34694431778009316,0.0,0.0,0.0,0.0,0.0,0.0,0.0,0.0,0.0,0.0,0.0,0.0,0.0,0.8960308469932451,0.0,0.0,0.0,0.0,0.0,0.0,0.0,0.0,0.0,0.0,0.0,0.0,0.0,0.0,0.0,0.0,0.0,0.27705299420268586,0.0,0.0,0.0,0.0,0.0,0.0,0.0,0.0,0.0,0.0,0.0,1.0,0.8470588235294118,0.7840909090909091,0.5970802919708029,0.6981543281345776,0.060988433228180886,0.7313481056054998,0.0,0.09103316500614167,0.4060324825986079,0.35594644834678046
23,Meat Loaf,7mzHEzbsl5iOvBRuXwReZU,Paradise By the Dashboard Light,spotify:artist:7dnB1wSxbYa8CejeVg98hz,spotify:album:0elHWyUbF2KLuHl8GjlzEM,508333,Bat Out Of Hell,['album_rock'],61,74,1,0,0,0,1,0,0,1,0,0,0,0,0,0,0,0,1,0.0,1.0,0.0,0.0,0.0,0.0,0.0,0.0,0.0,0.0,0.0,0.0,0.0,0.0,0.0,0.0,0.0,0.0,0.0,0.0,0.0,0.0,0.0,0.0,0.0,0.0,0.0,0.0,0.0,0.0,0.0,0.0,0.0,0.0,0.0,0.0,0.0,0.0,0.0,0.0,0.0,0.0,0.0,0.0,0.0,0.0,0.0,0.0,0.0,0.0,0.0,0.0,0.0,0.0,0.0,0.0,0.0,0.0,0.0,0.5,0.7176470588235294,0.13068181818181823,0.832116788321168,0.7125246884151741,0.25604626708727657,0.37083459570836397,0.0,0.5782721441244713,0.43619489559164726,0.9449750830564783
24,Bruce Springsteen,2Y90nL1ohB4sgYELDs7uNx,Glory Days,spotify:artist:3eqjTLE0HfPfh78zjh6TqT,spotify:album:0PMasrHdpaoIRuHuhHp72O,254733,Born In The U.S.A.,"['classic_rock', 'heartland_rock', 'mellow_gold', 'permanent_wave', 'rock', 'singer-songwriter']",72,79,0,1,0,1,0,0,0,0,0,0,0,0,0,1,0,0,1,0.0,0.0,0.0,0.0,0.0,0.0,0.0,0.0,0.0,0.0,0.0,0.0,0.0,0.0,0.0,0.17792473270168,0.0,0.0,0.0,0.0,0.0,0.0,0.0,0.0,0.0,0.0,0.0,0.0,0.0,0.0,0.0,0.4153718542301494,0.0,0.0,0.2630860481298743,0.0,0.0,0.0,0.0,0.0,0.47802445663093845,0.0,0.0,0.0,0.0,0.0,0.0,0.14208210773740876,0.0,0.4993922865565067,0.0,0.47802445663093845,0.0,0.0,0.0,0.0,0.0,0.0,0.0,0.6785714285714284,0.8470588235294118,0.6003787878787877,0.9605839416058393,0.8961383913369204,0.019453207150368038,0.07913063553678729,0.0,0.11423502115463355,1.0,0.3923034330011075
25,Ozzy Osbourne,0S3gpZzlT9Hb7CCSV2owX7,"Mama, I'm Coming Home",spotify:artist:6ZLTlhejhndI4Rh53vYhrY,spotify:album:6eh82ojicL8RSJF7GkYTh7,251866,No More Tears (Expanded Edition),"['album_rock', 'birmingham_metal', 'hard_rock', 'metal', 'rock']",70,75,0,1,0,1,0,0,0,0,0,0,0,0,1,0,0,0,1,0.0,0.2597739606508587,0.0,0.0,0.0,0.746631192862446,0.0,0.0,0.0,0.0,0.0,0.0,0.0,0.0,0.0,0.0,0.0,0.0,0.0,0.0,0.0,0.0,0.0,0.0,0.0,0.0,0.0,0.0,0.0,0.0,0.28092921043281704,0.0,0.0,0.0,0.0,0.5052292915652029,0.0,0.0,0.0,0.0,0.0,0.0,0.0,0.0,0.0,0.0,0.0,0.20219172308154562,0.0,0.0,0.0,0.0,0.0,0.0,0.0,0.0,0.0,0.0,0.0,0.5357142857142856,0.8235294117647058,0.04734848484848475,0.5167883211678832,0.7836954300892189,0.014721345951629869,0.01812065693881046,0.0,0.07083390200627815,0.14617169373549885,0.6085073564309444
26,Guns N' Roses,4MhTFsyqIJnjsOweVcU8ug,Sweet Child O' Mine,spotify:artist:3qm84nBOXUEQ2vnTfUTTFC,spotify:album:5JKFiC2WVi9HtvJEm8CUB8,356400,Appetite For Destruction,"['glam_metal', 'hard_rock', 'rock']",1,82,1,0,0,0,1,0,0,0,0,0,1,0,0,0,0,0,1,0.0,0.0,0.0,0.0,0.0,0.0,0.0,0.0,0.0,0.0,0.0,0.0,0.0,0.0,0.0,0.0,0.0,0.0,0.0,0.0,0.0,0.0,0.0,0.0,0.0,0.0,0.0,0.0,0.849852142143721,0.0,0.4277516058875969,0.0,0.0,0.0,0.0,0.0,0.0,0.0,0.0,0.0,0.0,0.0,0.0,0.0,0.0,0.0,0.0,0.3078634440044981,0.0,0.0,0.0,0.0,0.0,0.0,0.0,0.0,0.0,0.0,0.0,0.7857142857142856,0.011764705882352941,0.36363636363636365,0.8744525547445257,0.7051011373697474,0.07360672975814932,0.24430821963869612,0.11678200692041524,0.12378872662754198,0.6728538283062644,0.46806280651795595
27,Journey,71SvEDmsOwIWw1IozsZoMA,Any Way You Want It,spotify:artist:0rvjqX7ttXeg3mTy8Xscbt,spotify:album:2OyVtIEp7O7a6o82DF4Ba5,201693,Departure,"['album_rock', 'classic_rock', 'hard_rock', 'mellow_gold', 'rock', 'soft_rock']",74,76,0,1,0,1,0,0,0,0,0,0,0,1,0,0,0,0,1,0.0,0.3462318200873602,0.0,0.0,0.0,0.0,0.0,0.0,0.0,0.0,0.0,0.0,0.0,0.0,0.0,0.33746727697480366,0.0,0.0,0.0,0.0,0.0,0.0,0.0,0.0,0.0,0.0,0.0,0.0,0.0,0.0,0.37442795113166677,0.0,0.0,0.0,0.4989915169427849,0.0,0.0,0.0,0.0,0.0,0.0,0.0,0.0,0.0,0.0,0.0,0.0,0.26948508662579707,0.0,0.0,0.5517502399156453,0.0,0.0,0.0,0.0,0.0,0.0,0.0,0.0,0.5714285714285712,0.8705882352941177,0.5151515151515152,0.9197080291970803,0.7194033916774503,0.06361724500525763,0.00427208509228106,0.0018858131487889274,0.13470724716800875,0.5278422273781902,0.5967014712861887
28,REO Speedwagon,5gys5nzVQIYhgHIfiOJYva,Take It On the Run,spotify:artist:55vs7NT1KxcFjbMC4y202E,spotify:album:0X4ZNTZw7SYgrp5rlBQC3N,239680,Hi Infidelity (30th Anniversary Edition),"['album_rock', 'classic_rock', 'country_rock', 'hard_rock', 'heartland_rock', 'mellow_gold', 'rock', 'soft_rock']",69,68,0,1,0,1,0,0,0,0,0,0,0,1,0,0,0,0,1,0.0,0.24040886836132463,0.0,0.0,0.0,0.0,0.0,0.0,0.0,0.0,0.0,0.0,0.0,0.0,0.0,0.23432313686829748,0.0,0.0,0.4675665026004317,0.0,0.0,0.0,0.0,0.0,0.0,0.0,0.0,0.0,0.0,0.0,0.2599870803085079,0.5470360099582198,0.0,0.0,0.3464788010525642,0.0,0.0,0.0,0.0,0.0,0.0,0.0,0.0,0.0,0.0,0.0,0.0,0.1871191524210994,0.0,0.0,0.3831122476343766,0.0,0.0,0.0,0.0,0.0,0.0,0.0,0.0,0.2857142857142856,0.8117647058823529,0.21590909090909094,0.6656934306569344,0.8434924742899954,0.029968454258675073,0.16596586075720318,0.0,0.10741094581684182,0.38979118329466356,0.0
29,Dire Straits,6cr6UDpkjEaMQ80OjWqEBQ,Sultans of Swing,spotify:artist:0WwSkZ7LtFUFjGjMZBMt6T,spotify:album:4dKdxly4ji1vfl7sEYuqBe,350400,Dire Straits,"['album_rock', 'classic_rock', 'mellow_gold', 'rock', 'soft_rock']",69,78,0,1,0,1,0,0,0,0,0,1,0,0,0,0,0,0,1,0.0,0.37339398837601345,0.0,0.0,0.0,0.0,0.0,0.0,0.0,0.0,0.0,0.0,0.0,0.0,0.0,0.3639418597176329,0.0,0.0,0.0,0.0,0.0,0.0,0.0,0.0,0.0,0.0,0.0,0.0,0.0,0.0,0.0,0.0,0.0,0.0,0.5381378078711879,0.0,0.0,0.0,0.0,0.0,0.0,0.0,0.0,0.0,0.0,0.0,0.0,0.29062641116484517,0.0,0.0,0.5950354956327893,0.0,0.0,0.0,0.0,0.0,0.0,0.0,0.0,0.6428571428571428,0.8117647058823529,0.8958333333333331,0.8262773722627736,0.731390042906763,0.011041009463722398,0.10946230103294055,0.11435986159169552,0.3831035894636277,0.9361948955916473,0.6961616041765544
30,Lynyrd Skynyrd,1ju7EsSGvRybSNEsRvc7qY,Simple Man,spotify:artist:4MVyzYMgTwdP7Z49wAZHx0,spotify:album:6DExt1eX4lflLacVjHHbOs,356626,Pronounced' Leh-'Nerd 'Skin-'Nerd,"['album_rock', 'blues_rock', 'classic_rock', 'country_rock', 'hard_rock', 'mellow_gold', 'rock', 'southern_rock']",74,75,1,0,0,1,0,0,0,0,0,0,1,0,0,0,0,0,1,0.0,0.21703075081141335,0.0,0.0,0.0,0.0,0.0,0.4427260970539135,0.0,0.0,0.0,0.0,0.0,0.0,0.0,0.21153681506698294,0.0,0.0,0.42209885935290714,0.0,0.0,0.0,0.0,0.0,0.0,0.0,0.0,0.0,0.0,0.0,0.234705115602549,0.0,0.0,0.0,0.3127861082880644,0.0,0.0,0.0,0.0,0.0,0.0,0.0,0.0,0.0,0.0,0.0,0.0,0.16892309513353898,0.0,0.0,0.0,0.0,0.5937333846908404,0.0,0.0,0.0,0.0,0.0,0.0,0.5357142857142856,0.8705882352941177,0.3125,0.6569343065693432,0.6389702376898455,0.05336487907465827,0.0633581694787876,0.00020588235294117648,0.12515354169510032,0.3329466357308585,0.4218181458629964
31,Bon Jovi,0J6mQxEZnlRt9ymzFntA6z,Livin' On A Prayer,spotify:artist:58lV9VcRSjABbAbfWS6skp,spotify:album:5uU2uM1RGHfzlA12opjqol,249293,Slippery When Wet,"['glam_metal', 'hard_rock', 'rock']",1,81,0,1,0,1,0,1,0,0,0,0,0,0,0,0,0,0,1,0.0,0.0,0.0,0.0,0.0,0.0,0.0,0.0,0.0,0.0,0.0,0.0,0.0,0.0,0.0,0.0,0.0,0.0,0.0,0.0,0.0,0.0,0.0,0.0,0.0,0.0,0.0,0.0,0.849852142143721,0.0,0.4277516058875969,0.0,0.0,0.0,0.0,0.0,0.0,0.0,0.0,0.0,0.0,0.0,0.0,0.0,0.0,0.0,0.0,0.3078634440044981,0.0,0.0,0.0,0.0,0.0,0.0,0.0,0.0,0.0,0.0,0.0,0.75,0.011764705882352941,0.524621212121212,0.8540145985401459,0.9730300347340464,0.02602523659305994,0.13303433821852248,0.00017179930795847753,0.39265729493653617,0.7006960556844547,0.44182091441227644
32,Queen,7tFiyTwD0nx5a1eklYtX2J,Bohemian Rhapsody - Remastered 2011,spotify:artist:1dfeR4HaWDbWqFHLkxsg1d,spotify:album:6X9k3hSsvQck2OfKYdBbXr,354320,A Night At The Opera (Deluxe Remastered Version),"['classic_rock', 'glam_rock', 'rock']",75,88,0,1,0,1,0,1,0,0,0,0,0,0,0,0,0,1,0,0.0,0.0,0.0,0.0,0.0,0.0,0.0,0.0,0.0,0.0,0.0,0.0,0.0,0.0,0.0,0.34694431778009316,0.0,0.0,0.0,0.0,0.0,0.0,0.0,0.0,0.0,0.0,0.0,0.0,0.0,0.8960308469932451,0.0,0.0,0.0,0.0,0.0,0.0,0.0,0.0,0.0,0.0,0.0,0.0,0.0,0.0,0.0,0.0,0.0,0.27705299420268586,0.0,0.0,0.0,0.0,0.0,0.0,0.0,0.0,0.0,0.0,0.0,1.0,0.8823529411764706,0.25568181818181823,0.14598540145985406,0.5518626983586461,0.07623554153522609,0.4990942098063834,0.0,0.2807424593967518,0.12993039443155455,0.6533084163898117
33,Bon Jovi,2fY6tqgrlrg1ky9fgs0t5u,Wanted Dead Or Alive,spotify:artist:58lV9VcRSjABbAbfWS6skp,spotify:album:5uU2uM1RGHfzlA12opjqol,308666,Slippery When Wet,"['glam_metal', 'hard_rock', 'rock']",0,81,1,0,1,0,0,0,0,0,0,0,0,1,0,0,0,0,1,0.0,0.0,0.0,0.0,0.0,0.0,0.0,0.0,0.0,0.0,0.0,0.0,0.0,0.0,0.0,0.0,0.0,0.0,0.0,0.0,0.0,0.0,0.0,0.0,0.0,0.0,0.0,0.0,0.849852142143721,0.0,0.4277516058875969,0.0,0.0,0.0,0.0,0.0,0.0,0.0,0.0,0.0,0.0,0.0,0.0,0.0,0.0,0.0,0.0,0.3078634440044981,0.0,0.0,0.0,0.0,0.0,0.0,0.0,0.0,0.0,0.0,0.0,0.75,0.0,0.0,0.7313868613138688,0.9656064836886196,0.043375394321766556,0.2373752675252897,0.02698961937716263,0.35444247304490245,0.2064965197215777,0.7218794494542005
34,Aerosmith,5MxNLUsfh7uzROypsoO5qe,Dream On,spotify:artist:7Ey4PD4MYsKc5I2dolUwbH,spotify:album:19lEZSnCCbVEkKchoPQWDZ,266960,Aerosmith,"['album_rock', 'classic_rock', 'hard_rock', 'rock']",81,79,0,1,0,1,0,0,1,0,0,0,0,0,0,0,0,0,1,0.0,0.5181049753794638,0.0,0.0,0.0,0.0,0.0,0.0,0.0,0.0,0.0,0.0,0.0,0.0,0.0,0.5049896199150307,0.0,0.0,0.0,0.0,0.0,0.0,0.0,0.0,0.0,0.0,0.0,0.0,0.0,0.0,0.5602979655466315,0.0,0.0,0.0,0.0,0.0,0.0,0.0,0.0,0.0,0.0,0.0,0.0,0.0,0.0,0.0,0.0,0.4032603477524461,0.0,0.0,0.0,0.0,0.0,0.0,0.0,0.0,0.0,0.0,0.0,0.6785714285714284,0.9529411764705882,0.09469696969696972,0.1912408759124088,0.5453245249608392,0.011566771819137761,0.6724180126415449,0.00015709342560553632,0.4022110004094446,0.12529002320185614,0.8215669988925802
35,Whitesnake,1qOU8KzFifXE9YrgjVwYvc,Here I Go Again - 2018 Remaster,spotify:artist:3UbyYnvNIT5DFXU4WgiGpP,spotify:album:5drgoLSnXSDIhNK4ms3P7I,275395,Whitesnake (2018 Remaster),"['album_rock', 'british_blues', 'classic_rock', 'glam_metal', 'hard_rock', 'metal', 'rock']",66,68,0,1,0,1,0,0,0,0,0,0,0,1,0,0,0,0,1,0.0,0.21623036067619072,0.0,0.0,0.0,0.0,0.0,0.0,0.0,0.6581191051534333,0.0,0.0,0.0,0.0,0.0,0.21075668607888784,0.0,0.0,0.0,0.0,0.0,0.0,0.0,0.0,0.0,0.0,0.0,0.0,0.46458981014597545,0.0,0.23383954397957749,0.0,0.0,0.0,0.0,0.4205421962447914,0.0,0.0,0.0,0.0,0.0,0.0,0.0,0.0,0.0,0.0,0.0,0.16830012176017753,0.0,0.0,0.0,0.0,0.0,0.0,0.0,0.0,0.0,0.0,0.0,0.2857142857142856,0.7764705882352941,0.06628787878787878,0.7605839416058393,0.7696655996730914,0.04232386961093586,0.020200542572832398,0.0001347750865051903,0.1606387334516173,0.14849187935034805,0.1199276222116753
36,The Who,3qiyyUfYe7CRYLucrPmulD,Baba O'Riley,spotify:artist:67ea9eGLXYMsO2eYQRui3w,spotify:album:5MqyhhHbT13zsloD3uHhlQ,300400,Who's Next,"['album_rock', 'art_rock', 'blues_rock', 'british_invasion', 'classic_rock', 'hard_rock', 'mellow_gold', 'psychedelic_rock', 'rock']",77,72,0,1,0,1,0,0,0,0,0,1,0,0,0,0,0,0,1,0.0,0.18891974822814037,0.40591057466520547,0.0,0.0,0.0,0.0,0.38538180638802866,0.0,0.0,0.5429850498542765,0.0,0.0,0.0,0.0,0.18413741690532587,0.0,0.0,0.0,0.0,0.0,0.0,0.0,0.0,0.0,0.0,0.0,0.0,0.0,0.0,0.20430483321701864,0.0,0.0,0.0,0.27227235129637417,0.0,0.0,0.0,0.0,0.0,0.0,0.0,0.0,0.0,0.0,0.0,0.42987559476262216,0.1470432576177962,0.0,0.0,0.0,0.0,0.0,0.0,0.0,0.0,0.0,0.0,0.0,0.4285714285714284,0.9058823529411765,0.43939393939393934,0.6160583941605839,0.6604236191513997,0.027865404837013677,0.5424251605151739,0.32006920415224915,0.34079432236931895,0.03944315545243621,0.3903852238569847
37,Derek & The Dominos,2kkvB3RNRzwjFdGhaUA0tz,Layla,spotify:artist:2rc78XDH9zuJP6bm78lU8Z,spotify:album:5iIWnMgvSM8uEBwXKsPcXM,423840,Layla And Other Assorted Love Songs (Remastered 2010),"['album_rock', 'art_rock', 'blues', 'blues_rock', 'british_blues', 'classic_rock', 'country_rock', 'electric_blues', 'folk_rock', 'hard_rock', 'mellow_gold', 'psychedelic_rock', 'rock', 'roots_rock', 'soft_rock']",77,64,0,1,0,1,0,0,1,0,0,0,0,0,0,0,0,0,1,0.0,0.11713431046233158,0.2516732936535611,0.0,0.0,0.0,0.41816301010206025,0.23894501543309543,0.0,0.356510192847874,0.0,0.0,0.0,0.0,0.0,0.11416916210090237,0.0,0.0,0.22781222777136223,0.0,0.0,0.0,0.382098423944547,0.0,0.2843810205328474,0.0,0.0,0.0,0.0,0.0,0.1266733943245458,0.0,0.0,0.0,0.1688147185573477,0.0,0.0,0.0,0.0,0.0,0.0,0.0,0.0,0.0,0.0,0.0,0.26653212196904735,0.09116998487842569,0.33666241884479503,0.0,0.18666361712114782,0.0,0.0,0.0,0.0,0.0,0.0,0.0,0.0,0.1428571428571428,0.9058823529411765,0.27840909090909094,0.8759124087591241,0.9660151195259825,0.11014721345951632,1.0,0.513840830449827,0.34079432236931895,0.44199535962877023,0.37433752570795753
38,Creedence Clearwater Revival,20OFwXhEXf12DzwXmaV7fj,Bad Moon Rising,spotify:artist:3IYUhFvPQItj6xySrBmZkd,spotify:album:0i9mOB6mPGqwVvtJEXiwPG,141600,Green River,"['album_rock', 'classic_rock', 'country_rock', 'rock', 'southern_rock', 'swamp_rock']",80,80,1,0,1,0,0,0,0,1,0,0,0,0,0,0,0,0,1,0.0,0.20218120961780686,0.0,0.0,0.0,0.0,0.0,0.0,0.0,0.0,0.0,0.0,0.0,0.0,0.0,0.19706317648094213,0.0,0.0,0.3932182773326118,0.0,0.0,0.0,0.0,0.0,0.0,0.0,0.0,0.0,0.0,0.0,0.0,0.0,0.0,0.0,0.0,0.0,0.0,0.0,0.0,0.0,0.0,0.0,0.0,0.0,0.0,0.0,0.0,0.15736514562473103,0.0,0.0,0.0,0.0,0.5531093333938553,0.0,0.6595259855224862,0.0,0.0,0.0,0.0,0.714285714285714,0.9411764705882353,0.47537878787878785,0.6890510948905111,0.8234693182592114,0.019716088328075698,0.10148940610252312,8.42560553633218e-06,0.03507574723624949,0.9582366589327145,1.0
39,Pink Floyd,7F02x6EKYIQV3VcTaTm7oN,Hey You,spotify:artist:0k17h0D3J5VfsdmQ1iZtE9,spotify:album:5Dbax7G8SWrP9xyzkOvy2F,278440,The Wall,"['album_rock', 'art_rock', 'classic_rock', 'progressive_rock', 'psychedelic_rock', 'rock', 'symphonic_rock']",69,82,0,1,0,1,0,1,0,0,0,0,0,0,0,0,0,0,1,0.0,0.19785954184399676,0.4251185018302285,0.0,0.0,0.0,0.0,0.0,0.0,0.0,0.0,0.0,0.0,0.0,0.0,0.19285090778983954,0.0,0.0,0.0,0.0,0.0,0.0,0.0,0.0,0.0,0.0,0.0,0.0,0.0,0.0,0.0,0.0,0.0,0.0,0.0,0.0,0.0,0.0,0.0,0.0,0.0,0.0,0.0,0.4980636759120342,0.0,0.0,0.45021756077578107,0.15400143106464448,0.0,0.0,0.0,0.0,0.0,0.0,0.0,0.5181261143811223,0.0,0.0,0.0,0.7857142857142856,0.8117647058823529,0.6249999999999999,0.0,0.2103112442961248,0.012355415352260785,0.38643373796352853,0.0037370242214532874,0.12378872662754198,0.08584686774941996,0.3426079734219267
40,Allman Brothers Band,41aOyMZXFwvwRpugIlNCGF,Ramblin' Man,spotify:artist:4wQ3PyMz3WwJGI5uEqHUVR,spotify:album:4KZmerCJZ3z0sRoA4sArbm,288160,Brothers And Sisters (Deluxe Edition),"['album_rock', 'blues_rock', 'classic_rock', 'country_rock', 'double_drumming', 'electric_blues', 'folk_rock', 'hard_rock', 'jam_band', 'mellow_gold', 'rock', 'roots_rock', 'soft_rock', 'southern_rock']",0,67,0,1,0,1,0,0,1,0,0,0,0,0,0,0,0,0,1,0.0,0.11620448131363276,0.0,0.0,0.0,0.0,0.0,0.2370482352377023,0.0,0.0,0.0,0.0,0.0,0.0,0.0,0.11326287073003988,0.0,0.0,0.22600382125942098,0.0,0.0,0.41484357146648154,0.37906527122564515,0.0,0.28212356273773626,0.0,0.0,0.0,0.0,0.0,0.12566784254434848,0.0,0.0,0.41484357146648154,0.1674746428321016,0.0,0.0,0.0,0.0,0.0,0.0,0.0,0.0,0.0,0.0,0.0,0.0,0.09044626431276229,0.33398994372561114,0.0,0.18518185424982742,0.0,0.3179018629785727,0.0,0.0,0.0,0.0,0.0,0.0,0.25,0.0,0.10227272727272729,0.7737226277372262,0.6656677790642241,0.029179810725552063,0.8422753394200031,0.0022145328719723185,0.269823938856285,0.9477958236658932,0.9992781996519537
41,Neil Young,4Y7fEQ4PAzhlLnLviRw2P4,Rockin' in the Free World,spotify:artist:6v8FB84lnmJs434UJf2Mrm,spotify:album:3uOOKcr91I3Br0Rtmu4zdT,281853,Freedom,"['album_rock', 'canadian_singer-songwriter', 'classic_canadian_rock', 'classic_rock', 'mellow_gold', 'permanent_wave', 'rock', 'roots_rock', 'singer-songwriter']",62,70,1,0,0,0,1,0,0,0,1,0,0,0,0,0,0,1,0,0.0,0.11658974349890588,0.0,0.0,0.0,0.0,0.0,0.0,0.0,0.0,0.0,0.0,0.0,0.3803220172056852,0.3350972477996399,0.11363838035406196,0.0,0.0,0.0,0.0,0.0,0.0,0.0,0.0,0.0,0.0,0.0,0.0,0.0,0.0,0.0,0.0,0.0,0.0,0.1680298851613642,0.0,0.0,0.0,0.0,0.0,0.30530845372829646,0.0,0.0,0.0,0.0,0.0,0.0,0.09074612818242561,0.3350972477996399,0.3189558289276394,0.0,0.6106169074565929,0.0,0.0,0.0,0.0,0.0,0.0,0.0,0.3571428571428572,0.7294117647058823,0.4431818181818181,0.8481751824817518,0.8906899135054146,0.015772870662460567,0.0011973208299852953,5.519031141868513e-05,0.4527091579091034,0.4663573085846868,0.5333412434741338
42,John Mellencamp,67eX1ovaHyVPUinMHeUtIM,Hurts So Good,spotify:artist:3lPQ2Fk5JOwGWAF3ORFCqH,spotify:album:4gouGcdQn9OvjX42xnWrF0,218960,American Fool,"['album_rock', 'classic_rock', 'country_rock', 'folk_rock', 'heartland_rock', 'mellow_gold', 'pop_rock', 'rock', 'singer-songwriter', 'soft_rock']",73,70,1,0,0,0,1,0,0,0,0,0,0,0,0,1,0,0,1,0.0,0.14585043599156863,0.0,0.0,0.0,0.0,0.0,0.0,0.0,0.0,0.0,0.0,0.0,0.0,0.0,0.14215836507240603,0.0,0.0,0.28366165825809686,0.0,0.0,0.0,0.0,0.0,0.354098604147086,0.0,0.0,0.0,0.0,0.0,0.0,0.33187394915723406,0.0,0.0,0.21020058261495495,0.0,0.0,0.0,0.0,0.0,0.0,0.47577197068936505,0.0,0.0,0.0,0.0,0.0,0.11352081206077748,0.0,0.3990046235206353,0.23242523760480693,0.38193214730420577,0.0,0.0,0.0,0.0,0.0,0.0,0.0,0.3571428571428572,0.8588235294117647,1.0,0.635036496350365,0.8688960021793912,0.03075709779179811,0.07271765483188632,0.000185121107266436,0.09649242527637505,0.9918793503480279,0.47101922164214516
43,The Rolling Stones,7HKez549fwJQDzx3zLjHKC,Start Me Up - Remastered 2009,spotify:artist:22bE4uQ6baNwSHPVcDxLCe,spotify:album:15XNBzVWARPMlu0sEbfBjJ,213066,Tattoo You (2009 Re-Mastered),"['british_invasion', 'classic_rock', 'rock']",78,82,0,1,0,1,0,0,0,0,0,1,0,0,0,0,0,0,1,0.0,0.0,0.0,0.0,0.0,0.0,0.0,0.0,0.0,0.0,0.9173391926017358,0.0,0.0,0.0,0.0,0.31108861910108526,0.0,0.0,0.0,0.0,0.0,0.0,0.0,0.0,0.0,0.0,0.0,0.0,0.0,0.0,0.0,0.0,0.0,0.0,0.0,0.0,0.0,0.0,0.0,0.0,0.0,0.0,0.0,0.0,0.0,0.0,0.0,0.24842036305942286,0.0,0.0,0.0,0.0,0.0,0.0,0.0,0.0,0.0,0.0,0.0,0.7857142857142856,0.9176470588235294,0.7083333333333334,0.9197080291970803,0.948171354627801,0.028391167192429026,0.0754908356772489,0.23702422145328722,0.07438242118192986,0.9918793503480279,0.44117821547223546
44,Scorpions,26fZwf1ImE4aUJ4XaqOkUg,No One Like You,spotify:artist:27T030eWyCQRmDyuvr1kxY,spotify:album:6x75r5C54z1quun86Bbqbr,237466,Blackout,"['album_rock', 'german_hard_rock', 'german_metal', 'german_rock', 'hard_rock', 'metal', 'rock']",67,76,0,1,0,1,0,0,0,0,0,0,0,0,0,1,0,1,0,0.0,0.16120466844666062,0.0,0.0,0.0,0.0,0.0,0.0,0.0,0.0,0.0,0.0,0.0,0.0,0.0,0.0,0.0,0.0,0.0,0.0,0.0,0.0,0.0,0.0,0.0,0.5258583031978536,0.5258583031978536,0.5258583031978536,0.0,0.0,0.17433271645602375,0.0,0.0,0.0,0.0,0.31352380443463257,0.0,0.0,0.0,0.0,0.0,0.0,0.0,0.0,0.0,0.0,0.0,0.12547158152555132,0.0,0.0,0.0,0.0,0.0,0.0,0.0,0.0,0.0,0.0,0.0,0.5714285714285712,0.788235294117647,0.4696969696969697,0.48029197080291974,0.5197166791527619,0.035226077812828605,0.035106389616656276,3.8235294117647055e-05,0.14153132250580044,0.834106728538283,0.39914570479354516
45,Skid Row,0qgrrDnUUhyxpxbBznUnzg,18 and Life,spotify:artist:4opTS86dN9uO313J9CE8xg,spotify:album:0kSTuMp9GpX9pJR45Bksgi,229960,Skid Row,"['album_rock', 'glam_metal', 'hard_rock', 'metal', 'rock']",71,65,0,1,0,1,0,0,1,0,0,0,0,0,0,0,0,1,0,0.0,0.2991505399963243,0.0,0.0,0.0,0.0,0.0,0.0,0.0,0.0,0.0,0.0,0.0,0.0,0.0,0.0,0.0,0.0,0.0,0.0,0.0,0.0,0.0,0.0,0.0,0.0,0.0,0.0,0.6427510556211257,0.0,0.3235125059923531,0.0,0.0,0.0,0.0,0.581812030024154,0.0,0.0,0.0,0.0,0.0,0.0,0.0,0.0,0.0,0.0,0.0,0.23283997745996446,0.0,0.0,0.0,0.0,0.0,0.0,0.0,0.0,0.0,0.0,0.0,0.17857142857142838,0.8352941176470589,0.39583333333333337,0.5051094890510949,0.4742218892596881,0.008937960042060988,0.003908105106327221,2.577854671280277e-05,0.10195168554660844,0.21925754060324829,0.12483190950798928
46,Manfred Mann's Earth Band,7kNNylJ1kswWbHeRM6UDuE,Blinded By The Light,spotify:artist:2utNxkLhreF1oIfO8kQT3q,spotify:album:1qVP93dewrI7bukJAFPIvV,428133,The Roaring Silence,"['album_rock', 'art_rock', 'british_blues', 'classic_rock', 'hard_rock', 'progressive_rock', 'symphonic_rock']",64,60,1,0,0,0,1,0,0,0,0,1,0,0,0,0,0,0,1,0.0,0.18198848778548868,0.39101815639862275,0.0,0.0,0.0,0.0,0.0,0.0,0.5539004807422508,0.0,0.0,0.0,0.0,0.0,0.17738161500648636,0.0,0.0,0.0,0.0,0.0,0.0,0.0,0.0,0.0,0.0,0.0,0.0,0.0,0.0,0.1968091107104991,0.0,0.0,0.0,0.0,0.0,0.0,0.0,0.0,0.0,0.0,0.0,0.0,0.4581121251740277,0.0,0.0,0.0,0.0,0.0,0.0,0.0,0.0,0.0,0.0,0.0,0.4765652803984419,0.0,0.0,0.0,0.0,0.7529411764705882,0.37689393939393945,0.5751824817518247,0.549206565415787,0.10699263932702417,0.5042939238914382,0.00035813148788927334,0.06551112324280062,0.45475638051044087,0.636232399936719
47,Queen,7hQJA50XrCWABAu5v6QZ4i,Don't Stop Me Now - Remastered 2011,spotify:artist:1dfeR4HaWDbWqFHLkxsg1d,spotify:album:21HMAUrbbYSj9NiPPlGumy,209413,Jazz (Deluxe Remastered Version),"['classic_rock', 'glam_rock', 'rock']",75,88,0,1,0,1,0,0,0,0,0,1,0,0,0,0,0,0,1,0.0,0.0,0.0,0.0,0.0,0.0,0.0,0.0,0.0,0.0,0.0,0.0,0.0,0.0,0.0,0.34694431778009316,0.0,0.0,0.0,0.0,0.0,0.0,0.0,0.0,0.0,0.0,0.0,0.0,0.0,0.8960308469932451,0.0,0.0,0.0,0.0,0.0,0.0,0.0,0.0,0.0,0.0,0.0,0.0,0.0,0.0,0.0,0.0,0.0,0.27705299420268586,0.0,0.0,0.0,0.0,0.0,0.0,0.0,0.0,0.0,0.0,0.0,1.0,0.8823529411764706,0.5795454545454545,0.821897810218978,0.8708710753933121,0.35594111461619354,0.08173049257931471,0.0003304498269896194,1.0,0.5626450116009281,0.7757969466856509
48,38 Special,6hQszXJIYhtjmSTmDqZpeU,Hold On Loosely,spotify:artist:3zXw2Eh96iTT51pytzHdZi,spotify:album:5gditTVu3JNE5P8T6tafiH,279893,20th Century Masters The Millennium Collection: Best of 38 Special,"['album_rock', 'classic_rock', 'country_rock', 'hard_rock', 'mellow_gold', 'rock', 'soft_rock', 'southern_rock']",59,62,0,1,1,0,0,0,0,0,0,0,0,0,0,1,0,0,1,0.0,0.2258274703537572,0.0,0.0,0.0,0.0,0.0,0.0,0.0,0.0,0.0,0.0,0.0,0.0,0.0,0.2201108536678163,0.0,0.0,0.4392074270143498,0.0,0.0,0.0,0.0,0.0,0.0,0.0,0.0,0.0,0.0,0.0,0.24421821487253706,0.0,0.0,0.0,0.3254639968410196,0.0,0.0,0.0,0.0,0.0,0.0,0.0,0.0,0.0,0.0,0.0,0.0,0.17576990871437403,0.0,0.0,0.3598755334382323,0.0,0.6177986659863479,0.0,0.0,0.0,0.0,0.0,0.0,0.07142857142857117,0.6941176470588235,0.5549242424242425,0.5912408759124088,0.8520057209017232,0.015247108307045218,0.011655679093058938,0.00011470588235294118,0.06551112324280062,0.8178654292343387,0.4887280493592785
49,Scorpions,46QazXxQS0B31CnbRCy8CV,Rock You Like a Hurricane,spotify:artist:27T030eWyCQRmDyuvr1kxY,spotify:album:4vQ96yyyYbaeTQujH3iTtd,255573,Comeblack,"['album_rock', 'german_hard_rock', 'german_metal', 'german_rock', 'hard_rock', 'metal', 'rock']",65,76,0,1,0,1,0,0,0,0,0,0,0,0,0,0,1,0,1,0.0,0.16120466844666062,0.0,0.0,0.0,0.0,0.0,0.0,0.0,0.0,0.0,0.0,0.0,0.0,0.0,0.0,0.0,0.0,0.0,0.0,0.0,0.0,0.0,0.0,0.0,0.5258583031978536,0.5258583031978536,0.5258583031978536,0.0,0.0,0.17433271645602375,0.0,0.0,0.0,0.0,0.31352380443463257,0.0,0.0,0.0,0.0,0.0,0.0,0.0,0.0,0.0,0.0,0.0,0.12547158152555132,0.0,0.0,0.0,0.0,0.0,0.0,0.0,0.0,0.0,0.0,0.0,0.5714285714285712,0.7647058823529411,0.6249999999999999,0.8598540145985403,1.0000000000000002,0.03023133543638276,0.0003740327665182784,0.007854671280276816,0.37764432919339436,0.6832946635730858,0.45676119284923256
50,Led Zeppelin,3MODES4TNtygekLl146Dxd,Ramble On - 1990 Remaster,spotify:artist:36QJpDe2go2KgaRleHCDTp,spotify:album:70lQYZtypdCALtFVlQAcvx,263333,Led Zeppelin II (1994 Remaster),"['album_rock', 'classic_rock', 'hard_rock', 'rock']",72,81,0,1,0,1,0,0,0,0,0,0,0,0,0,1,0,0,1,0.0,0.5181049753794638,0.0,0.0,0.0,0.0,0.0,0.0,0.0,0.0,0.0,0.0,0.0,0.0,0.0,0.5049896199150307,0.0,0.0,0.0,0.0,0.0,0.0,0.0,0.0,0.0,0.0,0.0,0.0,0.0,0.0,0.5602979655466315,0.0,0.0,0.0,0.0,0.0,0.0,0.0,0.0,0.0,0.0,0.0,0.0,0.0,0.0,0.0,0.0,0.4032603477524461,0.0,0.0,0.0,0.0,0.0,0.0,0.0,0.0,0.0,0.0,0.0,0.75,0.8470588235294118,0.39962121212121215,0.44525547445255476,0.45610570046993126,0.023659305993690843,0.12471479568243474,0.0014740484429065744,0.2561757881807016,0.8932714617169373,0.20387399145704788
51,Rush,2XwYeBzumtjxVbFWwhJpsy,Freewill,spotify:artist:2Hkut4rAAyrQxRdof7FVJq,spotify:album:3nUNxSh2szhmN7iifAKv5i,321800,Permanent Waves,"['album_rock', 'art_rock', 'canadian_metal', 'classic_canadian_rock', 'classic_rock', 'hard_rock', 'metal', 'progressive_rock', 'rock']",57,69,0,1,0,1,0,0,0,1,0,0,0,0,0,0,0,0,1,0.0,0.15917959324871153,0.34201125491937234,0.0,0.0,0.0,0.0,0.0,0.0,0.0,0.0,0.568262344286462,0.0,0.0,0.45750717003687325,0.1551501068562837,0.0,0.0,0.0,0.0,0.0,0.0,0.0,0.0,0.0,0.0,0.0,0.0,0.0,0.0,0.17214272491491028,0.0,0.0,0.0,0.0,0.30958527531854,0.0,0.0,0.0,0.0,0.0,0.0,0.0,0.40069623433246193,0.0,0.0,0.0,0.12389539027598516,0.0,0.0,0.0,0.0,0.0,0.0,0.0,0.0,0.0,0.0,0.0,0.3214285714285712,0.6705882352941176,0.43181818181818177,0.9240875912408759,0.7531839542327863,0.11829652996845426,0.019507247361491748,6.730103806228374e-05,0.40084618534188626,0.654292343387471,0.7692611928492328
52,The Who,45s88Xopo6KvHc0PQ05aGg,My Generation - Mono Version,spotify:artist:67ea9eGLXYMsO2eYQRui3w,spotify:album:4upv5ZjkKMIUBjFNthFQih,198866,The Who Sings My Generation (U.S. Version),"['album_rock', 'art_rock', 'blues_rock', 'british_invasion', 'classic_rock', 'hard_rock', 'mellow_gold', 'psychedelic_rock', 'rock']",60,72,0,1,0,1,0,1,0,0,0,0,0,0,0,0,0,1,0,0.0,0.18891974822814037,0.40591057466520547,0.0,0.0,0.0,0.0,0.38538180638802866,0.0,0.0,0.5429850498542765,0.0,0.0,0.0,0.0,0.18413741690532587,0.0,0.0,0.0,0.0,0.0,0.0,0.0,0.0,0.0,0.0,0.0,0.0,0.0,0.0,0.20430483321701864,0.0,0.0,0.0,0.27227235129637417,0.0,0.0,0.0,0.0,0.0,0.0,0.0,0.0,0.0,0.0,0.0,0.42987559476262216,0.1470432576177962,0.0,0.0,0.0,0.0,0.0,0.0,0.0,0.0,0.0,0.0,0.0,0.4285714285714284,0.7058823529411764,0.07954545454545447,0.7080291970802921,0.6901859293060003,0.11671924290220821,0.24257498161034455,0.0,0.3476183977071107,0.6960556844547563,0.1679718398987502
53,Pink Floyd,4gMgiXfqyzZLMhsksGmbQV,"Another Brick in the Wall, Pt. 2",spotify:artist:0k17h0D3J5VfsdmQ1iZtE9,spotify:album:5Dbax7G8SWrP9xyzkOvy2F,238746,The Wall,"['album_rock', 'art_rock', 'classic_rock', 'progressive_rock', 'psychedelic_rock', 'rock', 'symphonic_rock']",77,82,0,1,0,1,0,1,0,0,0,0,0,0,0,0,0,0,1,0.0,0.19785954184399676,0.4251185018302285,0.0,0.0,0.0,0.0,0.0,0.0,0.0,0.0,0.0,0.0,0.0,0.0,0.19285090778983954,0.0,0.0,0.0,0.0,0.0,0.0,0.0,0.0,0.0,0.0,0.0,0.0,0.0,0.0,0.0,0.0,0.0,0.0,0.0,0.0,0.0,0.0,0.0,0.0,0.0,0.0,0.0,0.4980636759120342,0.0,0.0,0.45021756077578107,0.15400143106464448,0.0,0.0,0.0,0.0,0.0,0.0,0.0,0.5181261143811223,0.0,0.0,0.0,0.7857142857142856,0.9058823529411765,0.8257575757575756,0.13430656934306573,0.14860723285432154,0.04784437434279705,0.13546087145821478,0.0012006920415224913,0.28620171966698515,0.7018561484918793,0.2600854295206454
54,Aerosmith,24NwBd5vZ2CK8VOQVnqdxr,Sweet Emotion,spotify:artist:7Ey4PD4MYsKc5I2dolUwbH,spotify:album:36IxIOGEBAXVozDSiVs09B,274133,Toys In The Attic,"['album_rock', 'classic_rock', 'hard_rock', 'rock']",75,79,1,0,0,0,1,0,0,0,0,0,0,0,0,1,0,0,1,0.0,0.5181049753794638,0.0,0.0,0.0,0.0,0.0,0.0,0.0,0.0,0.0,0.0,0.0,0.0,0.0,0.5049896199150307,0.0,0.0,0.0,0.0,0.0,0.0,0.0,0.0,0.0,0.0,0.0,0.0,0.0,0.0,0.5602979655466315,0.0,0.0,0.0,0.0,0.0,0.0,0.0,0.0,0.0,0.0,0.0,0.0,0.0,0.0,0.0,0.0,0.4032603477524461,0.0,0.0,0.0,0.0,0.0,0.0,0.0,0.0,0.0,0.0,0.0,0.6785714285714284,0.8823529411764706,0.23295454545454541,0.6686131386861314,0.4837567254648234,0.034700315457413256,0.005086706965606319,0.05086505190311419,0.09103316500614167,0.4350348027842227,0.2138407688656857
55,TOTO,4aVuWgvD0X63hcOCnZtNFA,Hold the Line,spotify:artist:0PFtn5NtBbbUNbU9EAmIWF,spotify:album:1mnu4hYvdwQgZXcNvtJ3D3,235546,Toto,"['album_rock', 'classic_rock', 'mellow_gold', 'rock', 'soft_rock', 'yacht_rock']",80,76,0,1,0,1,0,0,0,0,0,0,1,0,0,0,0,1,0,0.0,0.2545494119562247,0.0,0.0,0.0,0.0,0.0,0.0,0.0,0.0,0.0,0.0,0.0,0.0,0.0,0.248105725483955,0.0,0.0,0.0,0.0,0.0,0.0,0.0,0.0,0.0,0.0,0.0,0.0,0.0,0.0,0.0,0.0,0.0,0.0,0.36685824306062226,0.0,0.0,0.0,0.0,0.0,0.0,0.0,0.0,0.0,0.0,0.0,0.0,0.1981252627625637,0.0,0.0,0.40564642233575204,0.0,0.0,0.0,0.0,0.0,0.0,0.0,0.7316150187460367,0.5714285714285712,0.9411764705882353,0.40909090909090906,0.87007299270073,0.9035619423823471,0.08280757097791798,0.013492911403111648,0.1069204152249135,0.18520540466766752,0.802784222737819,0.1853543743078626
56,Journey,4ECNtOnqzxutZkXP4TE3n3,Separate Ways (Worlds Apart),spotify:artist:0rvjqX7ttXeg3mTy8Xscbt,spotify:album:2EFUNYmwxe0AOGxBORrfaw,323706,Frontiers,"['album_rock', 'classic_rock', 'hard_rock', 'mellow_gold', 'rock', 'soft_rock']",70,76,0,1,0,1,0,1,0,0,0,0,0,0,0,0,0,0,1,0.0,0.3462318200873602,0.0,0.0,0.0,0.0,0.0,0.0,0.0,0.0,0.0,0.0,0.0,0.0,0.0,0.33746727697480366,0.0,0.0,0.0,0.0,0.0,0.0,0.0,0.0,0.0,0.0,0.0,0.0,0.0,0.0,0.37442795113166677,0.0,0.0,0.0,0.4989915169427849,0.0,0.0,0.0,0.0,0.0,0.0,0.0,0.0,0.0,0.0,0.0,0.0,0.26948508662579707,0.0,0.0,0.5517502399156453,0.0,0.0,0.0,0.0,0.0,0.0,0.0,0.0,0.5714285714285712,0.8235294117647058,0.36742424242424243,0.9635036496350364,0.9614520193420965,0.128286014721346,0.03250653257412886,5.484429065743945e-06,0.32714617169373555,0.302784222737819,0.5302266255339345
57,AC/DC,2SiXAy7TuUkycRVbbWDEpo,You Shook Me All Night Long,spotify:artist:711MCceyCBcFnzjGY4Q7Un,spotify:album:6mUdeDZCsExyJLMdAfDuwh,210173,Back In Black,"['australian_rock', 'hard_rock', 'rock']",81,85,1,0,1,0,0,0,0,0,0,0,0,1,0,0,0,0,1,0.0,0.0,0.0,0.9257523986475791,0.0,0.0,0.0,0.0,0.0,0.0,0.0,0.0,0.0,0.0,0.0,0.0,0.0,0.0,0.0,0.0,0.0,0.0,0.0,0.0,0.0,0.0,0.0,0.0,0.0,0.0,0.30690573761120177,0.0,0.0,0.0,0.0,0.0,0.0,0.0,0.0,0.0,0.0,0.0,0.0,0.0,0.0,0.0,0.0,0.22088767421379096,0.0,0.0,0.0,0.0,0.0,0.0,0.0,0.0,0.0,0.0,0.0,0.8928571428571428,0.9529411764705882,0.5208333333333334,0.6788321167883211,0.8550704896819452,0.08622502628811778,0.004896050782487641,0.0008875432525951558,0.48137027432782864,0.7412993039443155,0.4899442335073565
58,Bad Company,36vTL8WP4ZoD1bbUaW0V3E,Bad Company - 2015 Remaster,spotify:artist:5AEG63ajney2BoDXi0Vb84,spotify:album:4fuDpBLCt9ChDlqw48bj7p,288053,Bad Company (Deluxe),"['album_rock', 'blues_rock', 'classic_rock', 'country_rock', 'hard_rock', 'mellow_gold', 'rock', 'soft_rock']",66,64,1,0,1,0,0,0,0,0,0,0,0,0,1,0,0,0,1,0.0,0.24779690840127674,0.0,0.0,0.0,0.0,0.0,0.5054867004254684,0.0,0.0,0.0,0.0,0.0,0.0,0.0,0.24152415540505234,0.0,0.0,0.48193535706947954,0.0,0.0,0.0,0.0,0.0,0.0,0.0,0.0,0.0,0.0,0.0,0.267976781238769,0.0,0.0,0.0,0.35712649168319294,0.0,0.0,0.0,0.0,0.0,0.0,0.0,0.0,0.0,0.0,0.0,0.0,0.19286953841872084,0.0,0.0,0.39488572606140687,0.0,0.0,0.0,0.0,0.0,0.0,0.0,0.0,0.1428571428571428,0.7764705882352941,0.5454545454545455,0.24087591240875916,0.4904992167813118,0.015509989484752892,0.8509415295617612,0.3027681660899654,0.05896001091852055,0.38051044083526686,0.3549972314507197
59,Jimi Hendrix,2aoo2jlRnM3A0NyLQqMN2f,All Along the Watchtower,spotify:artist:776Uo845nYHJpNaStv1Ds4,spotify:album:5z090LQztiqh13wYspQvKQ,240800,Electric Ladyland,"['acid_rock', 'album_rock', 'blues_rock', 'classic_rock', 'hard_rock', 'proto-metal', 'psychedelic_rock', 'rock']",78,74,0,1,0,1,0,0,0,0,0,0,0,0,1,0,0,0,1,0.49024574780969027,0.1705702638976509,0.0,0.0,0.0,0.0,0.0,0.3479502647736855,0.0,0.0,0.0,0.0,0.0,0.0,0.0,0.16625243305450685,0.0,0.0,0.0,0.0,0.0,0.0,0.0,0.0,0.0,0.0,0.0,0.0,0.0,0.0,0.18446101926469552,0.0,0.0,0.0,0.0,0.3317387677163054,0.0,0.0,0.0,0.0,0.0,0.0,0.0,0.0,0.5191479544827283,0.0,0.388122439975273,0.13276117235742652,0.0,0.0,0.0,0.0,0.0,0.0,0.0,0.0,0.0,0.0,0.0,0.5,0.9176470588235294,0.3428030303030303,0.7343065693430657,0.8054893414152422,0.09936908517350158,0.004341414613415124,9.844290657439447e-05,0.06400982666848642,0.519721577726218,0.35044890049042876
60,Steppenwolf,3lN8PP6R2IxbLP05QpYXng,Born To Be Wild - Single Version,spotify:artist:1WRM9i067hd2ujxxi8FI3m,spotify:album:64q58AfjSrrX9Egp7Zryw8,212893,Steppenwolf,"['acid_rock', 'album_rock', 'blues_rock', 'classic_canadian_rock', 'classic_rock', 'country_rock', 'folk_rock', 'hard_rock', 'mellow_gold', 'proto-metal', 'psychedelic_rock', 'rock']",69,65,0,1,0,0,1,0,0,1,0,0,0,0,0,0,0,0,1,0.38973344504049845,0.13559921094125285,0.0,0.0,0.0,0.0,0.0,0.2766119971440201,0.0,0.0,0.0,0.0,0.0,0.0,0.38973344504049845,0.13216664044549833,0.0,0.0,0.26372425130294996,0.0,0.0,0.0,0.0,0.0,0.32921047504115525,0.0,0.0,0.0,0.0,0.0,0.14664202358695202,0.0,0.0,0.0,0.1954264514068867,0.26372425130294996,0.0,0.0,0.0,0.0,0.0,0.0,0.0,0.0,0.41270999634416883,0.0,0.30854789930336507,0.10554190281434299,0.0,0.0,0.0,0.0,0.0,0.0,0.0,0.0,0.0,0.0,0.0,0.17857142857142838,0.8117647058823529,0.3446969696969697,0.6306569343065693,0.40155281618197936,0.19032597266035756,0.4540300210692415,0.5761245674740485,0.2821072744643101,0.4918793503480279,0.6713039867109634
61,Boston,5UYPZZDQfpCE7A0FDDqv4k,Foreplay / Long Time,spotify:artist:29kkCKKGXheHuoO829FxWK,spotify:album:01OahkTPRCleDjobtRk7ST,467640,Boston,"['album_rock', 'blues_rock', 'classic_rock', 'country_rock', 'hard_rock', 'mellow_gold', 'rock', 'soft_rock']",0,70,1,0,1,0,0,0,0,0,0,1,0,0,0,0,0,0,1,0.0,0.24779690840127674,0.0,0.0,0.0,0.0,0.0,0.5054867004254684,0.0,0.0,0.0,0.0,0.0,0.0,0.0,0.24152415540505234,0.0,0.0,0.48193535706947954,0.0,0.0,0.0,0.0,0.0,0.0,0.0,0.0,0.0,0.0,0.0,0.267976781238769,0.0,0.0,0.0,0.35712649168319294,0.0,0.0,0.0,0.0,0.0,0.0,0.0,0.0,0.0,0.0,0.0,0.0,0.19286953841872084,0.0,0.0,0.39488572606140687,0.0,0.0,0.0,0.0,0.0,0.0,0.0,0.0,0.3571428571428572,0.0,0.3390151515151515,0.5182481751824818,0.6263025267315945,0.07754994742376446,0.016820728417546747,0.012941176470588235,0.07615668076975571,0.10904872389791184,0.40423785793387124
62,Aerosmith,5SZ6zX4rOrEQferfFC2MfP,Walk This Way,spotify:artist:7Ey4PD4MYsKc5I2dolUwbH,spotify:album:36IxIOGEBAXVozDSiVs09B,220400,Toys In The Attic,"['album_rock', 'classic_rock', 'hard_rock', 'rock']",76,79,0,1,0,1,0,0,0,0,0,1,0,0,0,0,0,0,1,0.0,0.5181049753794638,0.0,0.0,0.0,0.0,0.0,0.0,0.0,0.0,0.0,0.0,0.0,0.0,0.0,0.5049896199150307,0.0,0.0,0.0,0.0,0.0,0.0,0.0,0.0,0.0,0.0,0.0,0.0,0.0,0.0,0.5602979655466315,0.0,0.0,0.0,0.0,0.0,0.0,0.0,0.0,0.0,0.0,0.0,0.0,0.0,0.0,0.0,0.0,0.4032603477524461,0.0,0.0,0.0,0.0,0.0,0.0,0.0,0.0,0.0,0.0,0.0,0.6785714285714284,0.8941176470588235,0.7500000000000001,0.6248175182481752,0.5074576040318738,0.0483701366982124,0.019680571164326914,1.7820069204152248e-05,0.051999454073972974,0.9025522041763341,0.30547975003955075
63,KISS,6KTv0Z8BmVqM7DPxbGzpVC,Rock And Roll All Nite,spotify:artist:07XSN3sPlIlB2L2XNcTwJw,spotify:album:1YCC4oZXg2zGn7pVSKVlGF,168840,Dressed To Kill,"['album_rock', 'classic_rock', 'glam_rock', 'hard_rock', 'metal', 'rock']",76,76,0,1,0,1,0,0,1,0,0,0,0,0,0,0,0,0,1,0.0,0.2687581756479693,0.0,0.0,0.0,0.0,0.0,0.0,0.0,0.0,0.0,0.0,0.0,0.0,0.0,0.26195480726685305,0.0,0.0,0.0,0.0,0.0,0.0,0.0,0.0,0.0,0.0,0.0,0.0,0.0,0.6765338868528322,0.29064507425216707,0.0,0.0,0.0,0.0,0.5227025154668097,0.0,0.0,0.0,0.0,0.0,0.0,0.0,0.0,0.0,0.0,0.0,0.20918447133949095,0.0,0.0,0.0,0.0,0.0,0.0,0.0,0.0,0.0,0.0,0.0,0.5714285714285712,0.8941176470588235,0.7518939393939393,0.9153284671532846,0.8280324184430976,0.1976866456361725,0.08103719736797407,0.0,0.022655930121468555,0.9118329466357309,0.6621183357063756
64,Jimi Hendrix,0wJoRiX5K5BxlqZTolB2LD,Purple Haze,spotify:artist:776Uo845nYHJpNaStv1Ds4,spotify:album:7rSZXXHHvIhF4yUFdaOCy9,170813,Are You Experienced,"['acid_rock', 'album_rock', 'blues_rock', 'classic_rock', 'hard_rock', 'proto-metal', 'psychedelic_rock', 'rock']",73,74,0,1,0,1,0,0,0,1,0,0,0,0,0,0,0,0,1,0.49024574780969027,0.1705702638976509,0.0,0.0,0.0,0.0,0.0,0.3479502647736855,0.0,0.0,0.0,0.0,0.0,0.0,0.0,0.16625243305450685,0.0,0.0,0.0,0.0,0.0,0.0,0.0,0.0,0.0,0.0,0.0,0.0,0.0,0.0,0.18446101926469552,0.0,0.0,0.0,0.0,0.3317387677163054,0.0,0.0,0.0,0.0,0.0,0.0,0.0,0.0,0.5191479544827283,0.0,0.388122439975273,0.13276117235742652,0.0,0.0,0.0,0.0,0.0,0.0,0.0,0.0,0.0,0.0,0.0,0.5,0.8588235294117647,0.5227272727272728,0.8802919708029198,0.8713478172035689,0.13354363827549948,0.015104822769478651,1.0,0.04435648969564624,0.4292343387470997,0.30740784685967415
65,Led Zeppelin,0hCB0YR03f6AmQaHbwWDe8,Whole Lotta Love - 1990 Remaster,spotify:artist:36QJpDe2go2KgaRleHCDTp,spotify:album:70lQYZtypdCALtFVlQAcvx,333893,Led Zeppelin II (1994 Remaster),"['album_rock', 'classic_rock', 'hard_rock', 'rock']",78,81,1,0,0,0,1,0,0,0,0,0,0,0,0,1,0,0,1,0.0,0.5181049753794638,0.0,0.0,0.0,0.0,0.0,0.0,0.0,0.0,0.0,0.0,0.0,0.0,0.0,0.5049896199150307,0.0,0.0,0.0,0.0,0.0,0.0,0.0,0.0,0.0,0.0,0.0,0.0,0.0,0.0,0.5602979655466315,0.0,0.0,0.0,0.0,0.0,0.0,0.0,0.0,0.0,0.0,0.0,0.0,0.0,0.0,0.0,0.0,0.4032603477524461,0.0,0.0,0.0,0.0,0.0,0.0,0.0,0.0,0.0,0.0,0.0,0.75,0.9176470588235294,0.29356060606060597,0.8759124087591241,0.4402370087856706,1.0,0.08381037821333664,0.22664359861591699,0.5018425003412038,0.3549883990719257,0.11795997468754937
66,Def Leppard,0PdM2a6oIjqepoEfcJo0RO,Pour Some Sugar On Me - Remastered 2017,spotify:artist:6H1RjVyNruCmrBEWRbD0VZ,spotify:album:31oeDyCOLhgeZyktfxo0pE,267306,Hysteria (Super Deluxe),"['album_rock', 'glam_metal', 'hard_rock', 'nwobhm', 'rock']",76,72,0,1,0,1,0,0,1,0,0,0,0,0,0,0,0,1,0,0.0,0.22284902013063648,0.0,0.0,0.0,0.0,0.0,0.0,0.0,0.0,0.0,0.0,0.0,0.0,0.0,0.0,0.0,0.0,0.0,0.0,0.0,0.0,0.0,0.0,0.0,0.0,0.0,0.0,0.47881057789452786,0.0,0.24099720816578968,0.0,0.0,0.0,0.0,0.0,0.0,0.0,0.0,0.7955586769436699,0.0,0.0,0.0,0.0,0.0,0.0,0.0,0.1734516702688557,0.0,0.0,0.0,0.0,0.0,0.0,0.0,0.0,0.0,0.0,0.0,0.4285714285714284,0.8941176470588235,0.018939393939393923,0.9503649635036495,0.8966151331471772,0.1876971608832808,0.0035787898809404133,0.0,0.3353350620990856,0.5243619489559164,0.07098362600854291
67,Styx,1CQqupcyMg7176PPmIVmSj,Renegade,spotify:artist:4salDzkGmfycRqNUbyBphh,spotify:album:294yFGYq9SBXWR4g6dK63D,257226,Pieces Of Eight,"['album_rock', 'art_rock', 'classic_rock', 'hard_rock', 'mellow_gold', 'progressive_rock', 'rock', 'soft_rock', 'symphonic_rock']",69,66,0,1,0,1,0,0,0,0,0,0,0,1,0,0,0,1,0,0.0,0.1955442521126352,0.4201438996820268,0.0,0.0,0.0,0.0,0.0,0.0,0.0,0.0,0.0,0.0,0.0,0.0,0.19059422750882674,0.0,0.0,0.0,0.0,0.0,0.0,0.0,0.0,0.0,0.0,0.0,0.0,0.0,0.0,0.2114688177869791,0.0,0.0,0.0,0.28181962872882793,0.0,0.0,0.0,0.0,0.0,0.0,0.0,0.0,0.49223549242562675,0.0,0.0,0.0,0.1521993550634775,0.0,0.0,0.3116166156826632,0.0,0.0,0.0,0.0,0.5120631665899932,0.0,0.0,0.0,0.2142857142857144,0.8117647058823529,0.44507575757575757,0.36496350364963515,0.3911326023292244,0.02497371188222923,0.026093551869227887,6.470588235294118e-05,0.04776852736454212,0.6252900232018561,0.27500593260560047
68,The Rolling Stones,63T7DJ1AFDD6Bn8VzG6JE8,"Paint It, Black",spotify:artist:22bE4uQ6baNwSHPVcDxLCe,spotify:album:72qrnM4yUNMDDlWiqKc8iY,202266,Aftermath,"['british_invasion', 'classic_rock', 'rock']",81,82,1,0,1,0,0,0,1,0,0,0,0,0,0,0,0,0,1,0.0,0.0,0.0,0.0,0.0,0.0,0.0,0.0,0.0,0.0,0.9173391926017358,0.0,0.0,0.0,0.0,0.31108861910108526,0.0,0.0,0.0,0.0,0.0,0.0,0.0,0.0,0.0,0.0,0.0,0.0,0.0,0.0,0.0,0.0,0.0,0.0,0.0,0.0,0.0,0.0,0.0,0.0,0.0,0.0,0.0,0.0,0.0,0.0,0.0,0.24842036305942286,0.0,0.0,0.0,0.0,0.0,0.0,0.0,0.0,0.0,0.0,0.0,0.7857142857142856,0.9529411764705882,0.3920454545454546,0.7197080291970803,0.5991282435469593,0.17875920084121977,0.0853702924388531,0.004221453287197232,0.4936536099358537,0.5754060324825986,0.7997251226071824
69,The Doors,1Q5kgpp4pmyGqPwNBzkSrw,Roadhouse Blues,spotify:artist:22WZ7M8sxp5THdruNY3gXt,spotify:album:6AFLOkpJjFF652jevcSOZX,243826,Morrison Hotel,"['acid_rock', 'classic_rock', 'psychedelic_rock', 'rock']",72,76,0,1,0,1,0,0,0,0,0,0,0,0,0,1,0,0,1,0.7422469881047611,0.0,0.0,0.0,0.0,0.0,0.0,0.0,0.0,0.0,0.0,0.0,0.0,0.0,0.0,0.25171124533179884,0.0,0.0,0.0,0.0,0.0,0.0,0.0,0.0,0.0,0.0,0.0,0.0,0.0,0.0,0.0,0.0,0.0,0.0,0.0,0.0,0.0,0.0,0.0,0.0,0.0,0.0,0.0,0.0,0.0,0.0,0.5876291908182932,0.201004456968406,0.0,0.0,0.0,0.0,0.0,0.0,0.0,0.0,0.0,0.0,0.0,0.5714285714285712,0.8470588235294118,0.6931818181818182,0.4832116788321168,0.6709800449499422,0.015247108307045218,0.582289635167261,7.95847750865052e-05,0.14972021291115054,0.9037122969837588,0.4282253599114063
70,Ozzy Osbourne,2b9lp5A6CqSzwOrBfAFhof,Crazy Train,spotify:artist:6ZLTlhejhndI4Rh53vYhrY,spotify:album:6aGfK3YpRxZ1rJfaNRckLH,296200,Blizzard of Ozz (Expanded Edition),"['album_rock', 'birmingham_metal', 'hard_rock', 'metal', 'rock']",5,75,1,0,1,0,0,0,0,0,0,0,0,0,0,1,0,0,1,0.0,0.2597739606508587,0.0,0.0,0.0,0.746631192862446,0.0,0.0,0.0,0.0,0.0,0.0,0.0,0.0,0.0,0.0,0.0,0.0,0.0,0.0,0.0,0.0,0.0,0.0,0.0,0.0,0.0,0.0,0.0,0.0,0.28092921043281704,0.0,0.0,0.0,0.0,0.5052292915652029,0.0,0.0,0.0,0.0,0.0,0.0,0.0,0.0,0.0,0.0,0.0,0.20219172308154562,0.0,0.0,0.0,0.0,0.0,0.0,0.0,0.0,0.0,0.0,0.0,0.5357142857142856,0.058823529411764705,0.3712121212121212,0.8802919708029198,0.95777429680583,0.23764458464773924,0.6238873478476997,0.0009844290657439446,0.30394431554524365,0.4153132250580046,0.5908974054738174
71,Billy Idol,4TIJ7zSBNejpoIPaWpWRKc,Rebel Yell,spotify:artist:7lzordPuZEXxwt9aoVZYmG,spotify:album:2FZNWUmgRoP8uJZBaHJdfj,288533,Rebel Yell,"['album_rock', 'classic_rock', 'dance_rock', 'hard_rock', 'mellow_gold', 'new_romantic', 'new_wave', 'new_wave_pop', 'rock', 'soft_rock', 'synthpop']",75,72,0,1,0,1,0,0,0,0,1,0,0,0,0,0,0,1,0,0.0,0.11955622522586133,0.0,0.0,0.0,0.0,0.0,0.0,0.0,0.0,0.0,0.0,0.0,0.0,0.0,0.11652976829852811,0.0,0.0,0.0,0.4268091118610654,0.0,0.0,0.0,0.0,0.0,0.0,0.0,0.0,0.0,0.0,0.1292925429126079,0.0,0.0,0.0,0.17230519762843627,0.0,0.4268091118610654,0.4268091118610654,0.3899988402309463,0.0,0.0,0.0,0.0,0.0,0.0,0.0,0.0,0.09305505110279938,0.0,0.0,0.1905231469919021,0.0,0.0,0.0,0.0,0.0,0.4268091118610654,0.0,0.0,0.4285714285714284,0.8823529411764706,0.5170454545454545,0.8204379562043795,0.8932779404753798,0.09568874868559411,0.0012267858764672727,0.0007941176470588235,0.43223693189572815,0.42691415313225056,0.875079101408005
72,Judas Priest,3dix9ONSeCaR05vk8K2kEQ,Breaking the Law,spotify:artist:2tRsMl4eGxwoNabM08Dm4I,spotify:album:4OwBaU87F1fKR9xAQ5qdhQ,155520,British Steel - 30th Anniversary,"['album_rock', 'birmingham_metal', 'glam_metal', 'hard_rock', 'metal', 'power_metal', 'rock']",24,69,0,1,0,1,0,0,0,1,0,0,0,0,0,0,0,0,1,0.0,0.1762827299804884,0.0,0.0,0.0,0.5066642731881735,0.0,0.0,0.0,0.0,0.0,0.0,0.0,0.0,0.0,0.0,0.0,0.0,0.0,0.0,0.0,0.0,0.0,0.0,0.0,0.0,0.0,0.0,0.37875883755424616,0.0,0.19063869227801447,0.0,0.0,0.0,0.0,0.3428488311918407,0.0,0.0,0.0,0.0,0.0,0.0,0.629319596510155,0.0,0.0,0.0,0.0,0.1372073969037203,0.0,0.0,0.0,0.0,0.0,0.0,0.0,0.0,0.0,0.0,0.0,0.3214285714285712,0.2823529411764706,0.19886363636363635,0.9591240875912408,0.8452632295852348,0.16719242902208203,0.0430792845470737,1.3633217993079586e-05,0.04381056366862291,0.4524361948955916,0.8523473342825503
73,Guns N' Roses,0G21yYKMZoHa30cYVi1iA8,Welcome To The Jungle,spotify:artist:3qm84nBOXUEQ2vnTfUTTFC,spotify:album:28yHV3Gdg30AiB8h8em1eW,273480,Appetite For Destruction,"['glam_metal', 'hard_rock', 'rock']",74,82,1,0,0,0,1,0,0,0,0,0,0,0,1,0,0,0,1,0.0,0.0,0.0,0.0,0.0,0.0,0.0,0.0,0.0,0.0,0.0,0.0,0.0,0.0,0.0,0.0,0.0,0.0,0.0,0.0,0.0,0.0,0.0,0.0,0.0,0.0,0.0,0.0,0.849852142143721,0.0,0.4277516058875969,0.0,0.0,0.0,0.0,0.0,0.0,0.0,0.0,0.0,0.0,0.0,0.0,0.0,0.0,0.0,0.0,0.3078634440044981,0.0,0.0,0.0,0.0,0.0,0.0,0.0,0.0,0.0,0.0,0.0,0.7857142857142856,0.8705882352941177,0.3712121212121212,1.0,0.9248110059252197,0.16903259726603576,0.033719799193974984,0.4896193771626297,0.3148628360857105,0.2320185614849188,0.452202974212941
74,Black Sabbath,1Y373MqadDRtclJNdnUXVc,Paranoid - 2012 - Remaster,spotify:artist:5M52tdBnJaKSvOpJGz8mfZ,spotify:album:6r7LZXAVueS5DqdrvXJJK7,168405,Paranoid (Remaster),"['album_rock', 'birmingham_metal', 'classic_rock', 'hard_rock', 'metal', 'rock', 'stoner_rock', 'uk_doom_metal']",72,75,0,1,0,1,0,0,0,0,1,0,0,0,0,0,0,1,0,0.0,0.15568530187881705,0.0,0.0,0.0,0.44746402742482466,0.0,0.0,0.0,0.0,0.0,0.0,0.0,0.0,0.0,0.15174427028916135,0.0,0.0,0.0,0.0,0.0,0.0,0.0,0.0,0.0,0.0,0.0,0.0,0.0,0.0,0.16836386843096107,0.0,0.0,0.0,0.0,0.30278929642631014,0.0,0.0,0.0,0.0,0.0,0.0,0.0,0.0,0.0,0.0,0.0,0.12117565350460985,0.0,0.0,0.0,0.0,0.0,0.5557879173517629,0.0,0.0,0.0,0.5557879173517629,0.0,0.5357142857142856,0.8470588235294118,0.29356060606060597,0.5197080291970804,0.4095212150105565,0.12145110410094638,0.0,0.0013391003460207613,0.18929984987034257,0.3921113689095128,0.8430331434899541
75,Quiet Riot,6FBmHx1FuaSnTnnnaThgbF,Cum on Feel the Noize,spotify:artist:1dLWg6m8RRhizsdqJbhyj3,spotify:album:1JSjQhsnC2xElFjTVG3Qhy,287400,Quiet Riot - Greatest Hits,"['album_rock', 'classic_rock', 'glam_metal', 'hard_rock', 'metal', 'rock']",66,63,0,1,0,1,0,0,0,0,0,0,0,0,0,0,1,1,0,0.0,0.28719137639605397,0.0,0.0,0.0,0.0,0.0,0.0,0.0,0.0,0.0,0.0,0.0,0.0,0.0,0.2799213883304205,0.0,0.0,0.0,0.0,0.0,0.0,0.0,0.0,0.0,0.0,0.0,0.0,0.6170557484071928,0.0,0.3105794222481502,0.0,0.0,0.0,0.0,0.5585528868123459,0.0,0.0,0.0,0.0,0.0,0.0,0.0,0.0,0.0,0.0,0.0,0.22353171619738682,0.0,0.0,0.0,0.0,0.0,0.0,0.0,0.0,0.0,0.0,0.0,0.1071428571428572,0.7764705882352941,0.3484848484848485,0.8846715328467154,0.9151399577742969,0.23764458464773924,0.00023884020030685244,0.005674740484429066,0.03261908011464446,0.5986078886310905,0.6686936402467962
76,Led Zeppelin,78lgmZwycJ3nzsdgmPPGNx,Immigrant Song - Remaster,spotify:artist:36QJpDe2go2KgaRleHCDTp,spotify:album:6P5QHz4XtxOmS5EuiGIPut,146250,Led Zeppelin III (Remaster),"['album_rock', 'classic_rock', 'hard_rock', 'rock']",79,81,0,1,0,1,0,0,0,0,0,0,0,0,0,0,1,0,1,0.0,0.5181049753794638,0.0,0.0,0.0,0.0,0.0,0.0,0.0,0.0,0.0,0.0,0.0,0.0,0.0,0.5049896199150307,0.0,0.0,0.0,0.0,0.0,0.0,0.0,0.0,0.0,0.0,0.0,0.0,0.0,0.0,0.5602979655466315,0.0,0.0,0.0,0.0,0.0,0.0,0.0,0.0,0.0,0.0,0.0,0.0,0.0,0.0,0.0,0.0,0.4032603477524461,0.0,0.0,0.0,0.0,0.0,0.0,0.0,0.0,0.0,0.0,0.0,0.75,0.9294117647058824,0.5814393939393937,0.9197080291970803,0.5445753592590071,0.08096740273396426,0.022453752009689493,0.2923875432525952,0.4254128565579364,0.5835266821345707,0.3473243948742286
77,Blue yster Cult,3fkPMWQ6cBNBLuFcPyMS8s,Burnin' for You,spotify:artist:00tVTdpEhQQw1bqdu8RCx2,spotify:album:7v4kEpVtppoMm80m43lGzt,271000,Fire of Unknown Origin,"['album_rock', 'art_rock', 'blues_rock', 'classic_rock', 'hard_rock', 'metal', 'rock', 'soft_rock']",69,66,0,1,0,1,0,0,0,0,0,0,0,0,0,1,0,1,0,0.0,0.23047887921189306,0.4952039963345492,0.0,0.0,0.0,0.0,0.4701592482417735,0.0,0.0,0.0,0.0,0.0,0.0,0.0,0.22464451634808505,0.0,0.0,0.0,0.0,0.0,0.0,0.0,0.0,0.0,0.0,0.0,0.0,0.0,0.0,0.24924842118976134,0.0,0.0,0.0,0.0,0.4482538610614273,0.0,0.0,0.0,0.0,0.0,0.0,0.0,0.0,0.0,0.0,0.0,0.17939027300888188,0.0,0.0,0.3672879542630273,0.0,0.0,0.0,0.0,0.0,0.0,0.0,0.0,0.2142857142857144,0.8117647058823529,0.5208333333333334,0.621897810218978,0.6119321664509978,0.027865404837013677,0.18364488864638964,0.018685121107266438,0.06496519721577726,0.6658932714617168,0.5585844803037494
78,Styx,0PsbWiVtix5FoTZ1s00mEl,Come Sail Away,spotify:artist:4salDzkGmfycRqNUbyBphh,spotify:album:6MFIBPVrZjHjP0pPkVF3IU,367000,The Grand Illusion,"['album_rock', 'art_rock', 'classic_rock', 'hard_rock', 'mellow_gold', 'progressive_rock', 'rock', 'soft_rock', 'symphonic_rock']",68,66,0,1,0,1,0,1,0,0,0,0,0,0,0,0,0,0,1,0.0,0.1955442521126352,0.4201438996820268,0.0,0.0,0.0,0.0,0.0,0.0,0.0,0.0,0.0,0.0,0.0,0.0,0.19059422750882674,0.0,0.0,0.0,0.0,0.0,0.0,0.0,0.0,0.0,0.0,0.0,0.0,0.0,0.0,0.2114688177869791,0.0,0.0,0.0,0.28181962872882793,0.0,0.0,0.0,0.0,0.0,0.0,0.0,0.0,0.49223549242562675,0.0,0.0,0.0,0.1521993550634775,0.0,0.0,0.3116166156826632,0.0,0.0,0.0,0.0,0.5120631665899932,0.0,0.0,0.0,0.2142857142857144,0.8,0.12689393939393945,0.048175182481751844,0.1681536470748486,0.028654048370136687,0.17151222244792835,1.8685121107266438e-06,0.08489149720212913,0.029002320185614827,0.4123457522543901
79,Bob Seger,1SWmFiFSIBoDbQJjNKC7SR,Against The Wind,spotify:artist:485uL27bPomh29R4JmQehQ,spotify:album:2Go2GZ8qMznHdAoLO1cG4W,333720,Against The Wind,"['album_rock', 'classic_rock', 'country_rock', 'detroit_rock', 'folk_rock', 'hard_rock', 'heartland_rock', 'mellow_gold', 'rock', 'soft_rock']",67,70,0,1,0,1,0,0,0,0,0,0,0,1,0,0,0,0,1,0.0,0.17191011098851458,0.0,0.0,0.0,0.0,0.0,0.0,0.0,0.0,0.0,0.0,0.0,0.0,0.0,0.16755836313684963,0.0,0.0,0.3343446100987625,0.0,0.5607800328492758,0.0,0.0,0.0,0.41736680405482385,0.0,0.0,0.0,0.0,0.0,0.18590997967779455,0.39117118194363754,0.0,0.0,0.24775795314918547,0.0,0.0,0.0,0.0,0.0,0.0,0.0,0.0,0.0,0.0,0.0,0.0,0.13380402511791403,0.0,0.0,0.2739535752603718,0.0,0.0,0.0,0.0,0.0,0.0,0.0,0.0,0.3571428571428572,0.788235294117647,0.7897727272727274,0.6846715328467154,0.8480555744738815,0.0,0.4852283055795706,0.05501730103806229,0.1306128019653337,0.6983758700696056,0.31450719822812845
